tailNumber;source_airport_code;source_country_code;destination_airport_code;destination_country_code;departure_time;landing_time
A6-EUC;DXB;ARE;CAI;EGY;2021-11-30 04:47:00;2021-11-30 08:25:00
A6-ENE;ACC;GHA;ABJ;CIV;2021-11-29 13:35:00;2021-11-29 14:17:00
A6-END;DXB;ARE;MNL;PHL;2021-11-27 23:50:11;2021-11-28 07:58:00
A6-EPD;IST;TUR;DXB;ARE;2021-11-28 17:51:53;2021-11-28 21:31:00
A6-EUU;JED;SAU;DXB;ARE;2021-11-28 08:53:00;2021-11-28 11:10:00
A6-EPF;DXB;ARE;TUN;TUN;2021-11-28 05:30:00;2021-11-28 11:58:00
A6-EVF;DXB;ARE;JFK;USA;2021-11-30 22:57:00;2021-12-01 13:01:00
A6-ENS;DXB;ARE;SEZ;SYC;2021-11-30 22:39:38;2021-12-01 02:41:00
A6-EUM;AMS;NLD;DXB;ARE;2021-11-29 14:06:00;2021-11-29 19:51:00
A6-EUD;DXB;ARE;ZRH;CHE;2021-11-30 05:04:00;2021-11-30 11:37:00
A6-EGF;GLA;GBR;DXB;ARE;2021-11-29 13:23:36;2021-11-29 20:24:00
A6-ECQ;GLA;GBR;DXB;ARE;2021-11-30 13:02:36;2021-11-30 20:03:00
A6-EEV;DME;RUS;DXB;ARE;2021-11-30 14:46:00;2021-11-30 19:06:00
A6-EQI;COK;IND;DXB;ARE;2021-11-27 23:12:00;2021-11-28 02:54:00
A6-ECV;MXP;ITA;DXB;ARE;2021-11-29 13:41:39;2021-11-29 19:14:00
A6-ENC;DXB;ARE;CGK;IDN;2021-11-30 00:47:00;2021-11-30 08:35:00
A6-ECQ;DXB;ARE;GLA;GBR;2021-11-30 03:51:00;2021-11-30 11:36:00
A6-EPH;DXB;ARE;WAW;POL;2021-11-30 04:19:00;2021-11-30 10:12:00
A6-EUW;JFK;USA;DXB;ARE;2021-11-28 16:54:00;2021-11-29 04:50:00
A6-EWB;BCN;ESP;MEX;MEX;2021-11-29 09:36:00;2021-11-29 21:54:00
A6-ECT;PRG;CZE;DXB;ARE;2021-11-29 14:53:00;2021-11-29 20:11:00
A6-ECU;DXB;ARE;DEL;IND;2021-11-30 06:24:40;2021-11-30 09:09:00
A6-EEI;CAI;EGY;DXB;ARE;2021-11-28 17:25:00;2021-11-28 20:25:00
A6-EUJ;DXB;ARE;LHR;GBR;2021-11-30 08:27:00;2021-11-30 16:02:00
A6-ENY;MLA;MLT;LCA;CYP;2021-11-28 13:47:54;2021-11-28 15:53:00
A6-EUH;DXB;ARE;LHR;GBR;2021-11-29 00:12:00;2021-11-29 07:34:00
A6-EVQ;DXB;ARE;LHR;GBR;2021-11-30 04:13:00;2021-11-30 11:47:00
A6-ENP;MLE;MDV;CMB;LKA;2021-11-29 11:42:00;2021-11-29 12:50:00
A6-EGL;AMS;NLD;DXB;ARE;2021-11-28 11:58:20;2021-11-28 18:14:00
A6-EEN;MUC;DEU;DXB;ARE;2021-11-29 14:49:00;2021-11-29 19:52:00
A6-EUJ;LHR;GBR;DXB;ARE;2021-11-30 19:24:00;2021-12-01 01:13:00
A6-EGS;DXB;ARE;MAA;IND;2021-11-30 23:21:00;2021-12-01 03:01:00
A6-ENU;KWI;KWT;DXB;ARE;2021-11-30 14:01:55;2021-11-30 15:30:00
A6-ECC;BNE;AUS;DXB;ARE;2021-11-28 11:09:00;2021-11-29 01:00:00
A6-EPE;DXB;ARE;ISB;PAK;2021-11-30 23:16:00;2021-12-01 01:50:00
A6-ENE;MLE;MDV;CMB;LKA;2021-11-28 11:32:00;2021-11-28 12:41:00
A6-ECF;IKA;IRN;DXB;ARE;2021-11-28 07:50:42;2021-11-28 09:43:00
A6-EPU;HYD;IND;DXB;ARE;2021-11-29 04:31:50;2021-11-29 07:59:00
A6-ENI;DXB;ARE;KHI;PAK;2021-11-28 22:20:00;2021-11-29 00:16:00
A6-ECU;KIX;JPN;DXB;ARE;2021-11-28 15:49:00;2021-11-29 02:25:00
A6-ENQ;DXB;ARE;SEZ;SYC;2021-11-29 23:04:38;2021-11-30 03:06:00
A6-ENO;DXB;ARE;KHI;PAK;2021-11-27 14:04:00;2021-11-27 16:00:00
A6-ENZ;DXB;ARE;LIS;PRT;2021-11-29 04:25:00;2021-11-29 12:43:00
A6-ECQ;AKL;NZL;KUL;MYS;2021-11-29 05:23:00;2021-11-29 15:49:00
A6-EGX;MEL;AUS;DXB;ARE;2021-11-30 05:59:00;2021-11-30 19:26:00
A6-EEN;DXB;ARE;FRA;DEU;2021-11-30 05:18:00;2021-11-30 12:00:00
A6-EGZ;MED;SAU;DXB;ARE;2021-11-29 14:53:00;2021-11-29 17:06:00
A6-EOV;VIE;AUT;DXB;ARE;2021-11-29 14:38:00;2021-11-29 19:30:00
A6-EOD;MAN;GBR;DXB;ARE;2021-11-30 13:51:00;2021-11-30 20:06:00
A6-EVF;DXB;ARE;GRU;BRA;2021-11-29 05:46:00;2021-11-29 19:45:00
A6-EPK;DXB;ARE;DAC;BGD;2021-11-29 22:05:12;2021-11-30 02:08:00
A6-ECR;AKL;NZL;KUL;MYS;2021-11-27 05:21:00;2021-11-27 15:42:00
A6-EPR;DXB;ARE;MNL;PHL;2021-11-30 00:18:15;2021-11-30 08:26:00
A6-EGZ;HAM;DEU;DXB;ARE;2021-11-28 20:18:49;2021-11-29 02:11:00
A6-ENE;MLE;MDV;CMB;LKA;2021-11-30 11:57:00;2021-11-30 13:37:00
A6-EPF;DXB;ARE;NBO;KEN;2021-11-28 22:47:00;2021-11-29 03:28:00
A6-EPI;DXB;ARE;LAD;AGO;2021-11-30 05:50:00;2021-11-30 13:05:00
A6-EPL;MLE;MDV;DXB;ARE;2021-11-30 13:34:49;2021-11-30 17:27:00
A6-EVF;LAX;USA;DXB;ARE;2021-11-27 23:57:00;2021-11-28 15:13:00
A6-ENW;DXB;ARE;KHI;PAK;2021-11-30 22:31:00;2021-12-01 00:27:00
A6-EEU;DXB;ARE;SYD;AUS;2021-11-30 22:29:00;2021-12-01 11:49:47
A6-EVI;LHR;GBR;DXB;ARE;2021-11-28 16:06:00;2021-11-28 22:16:00
A6-EEW;HAM;DEU;DXB;ARE;2021-11-30 14:30:00;2021-11-30 19:54:00
A6-EPH;CMB;LKA;DXB;ARE;2021-11-28 21:32:00;2021-11-29 01:42:00
A6-EUA;DXB;ARE;IST;TUR;2021-11-30 06:50:00;2021-11-30 12:26:00
A6-EPK;BUD;HUN;DXB;ARE;2021-11-29 13:54:00;2021-11-29 18:54:00
A6-EUR;DXB;ARE;JED;SAU;2021-11-29 12:38:00;2021-11-29 15:06:00
A6-EPV;DXB;ARE;BOS;USA;2021-11-29 04:38:00;2021-11-29 18:59:00
A6-EPD;CRK;PHL;DXB;ARE;2021-11-29 11:47:00;2021-11-29 20:10:00
A6-EWJ;MEX;MEX;BCN;ESP;2021-11-29 02:05:00;2021-11-29 12:16:00
A6-ENJ;BEY;LBN;DXB;ARE;2021-11-29 17:09:45;2021-11-29 20:39:00
A6-EVE;DXB;ARE;LHR;GBR;2021-11-30 00:01:00;2021-11-30 07:33:00
A6-ECE;BOM;IND;DXB;ARE;2021-11-30 05:14:00;2021-11-30 08:03:00
A6-ECM;BAH;BHR;DXB;ARE;2021-11-28 16:14:54;2021-11-28 17:17:00
A6-ECY;DXB;ARE;DMM;SAU;2021-11-29 17:32:54;2021-11-29 18:35:00
A6-ENK;DXB;ARE;BLQ;ITA;2021-11-28 05:23:00;2021-11-28 11:45:00
A6-ECX;BNE;AUS;DXB;ARE;2021-11-30 11:11:30;2021-12-01 00:59:00
A6-ENJ;DAC;BGD;DXB;ARE;2021-11-28 04:59:00;2021-11-28 09:46:00
A6-EGE;DXB;ARE;GRU;BRA;2021-11-30 17:07:12;2021-12-01 07:27:00
A6-EUT;JFK;USA;DXB;ARE;2021-11-29 16:12:00;2021-11-30 04:03:00
A6-EPE;DXB;ARE;ISB;PAK;2021-11-29 23:20:00;2021-11-30 02:00:00
A6-ENK;BLQ;ITA;DXB;ARE;2021-11-28 13:49:00;2021-11-28 19:10:00
A6-ENU;DXB;ARE;DEL;IND;2021-11-30 18:08:41;2021-11-30 20:53:00
A6-ECH;DSS;SEN;DXB;ARE;2021-11-28 17:57:19;2021-11-29 02:56:00
A6-EQJ;DXB;ARE;ATH;GRC;2021-11-28 08:14:00;2021-11-28 13:01:00
A6-ENN;PRG;CZE;DXB;ARE;2021-11-28 14:50:00;2021-11-28 20:08:00
A6-EGO;ORD;USA;DXB;ARE;2021-11-27 17:05:00;2021-11-28 06:08:00
A6-ECK;DXB;ARE;MEL;AUS;2021-11-30 00:08:00;2021-11-30 12:55:00
A6-ENP;CMB;LKA;DXB;ARE;2021-11-28 04:48:00;2021-11-28 08:58:00
A6-EUA;IST;TUR;DXB;ARE;2021-11-29 15:25:00;2021-11-29 18:47:00
A6-ENS;DXB;ARE;DEL;IND;2021-11-30 00:25:40;2021-11-30 03:10:00
A6-EQJ;DXB;ARE;SIN;SGP;2021-11-30 06:29:00;2021-11-30 13:38:00
A6-EER;DXB;ARE;JED;SAU;2021-11-29 04:07:00;2021-11-29 06:29:00
A6-EWD;DFW;USA;DXB;ARE;2021-11-28 01:53:00;2021-11-28 15:59:00
A6-EQF;HYD;IND;DXB;ARE;2021-11-30 22:43:42;2021-12-01 02:12:00
A6-EGV;BEY;LBN;DXB;ARE;2021-11-30 09:52:45;2021-11-30 13:22:00
A6-ENI;KHI;PAK;DXB;ARE;2021-11-30 22:05:07;2021-12-01 00:01:00
A6-EEI;DXB;ARE;CAI;EGY;2021-11-28 11:48:00;2021-11-28 15:26:00
A6-EPQ;DXB;ARE;DMM;SAU;2021-11-28 17:23:53;2021-11-28 18:26:00
A6-EGI;KUL;MYS;DXB;ARE;2021-11-30 11:21:50;2021-11-30 17:53:00
A6-EOC;DXB;ARE;CDG;FRA;2021-11-30 04:32:00;2021-11-30 11:41:00
A6-EVD;DXB;ARE;AMM;JOR;2021-11-29 10:32:00;2021-11-29 13:28:00
A6-EGV;OSL;NOR;DXB;ARE;2021-11-28 13:20:00;2021-11-28 19:32:00
A6-EPH;DXB;ARE;ADD;ETH;2021-11-29 06:12:00;2021-11-29 10:03:00
A6-ENN;DXB;ARE;PRG;CZE;2021-11-28 05:26:00;2021-11-28 11:41:00
A6-EPK;DAC;BGD;DXB;ARE;2021-11-30 04:57:00;2021-11-30 09:44:00
A6-ENS;DEL;IND;DXB;ARE;2021-11-30 05:20:00;2021-11-30 08:35:00
A6-ECM;JED;SAU;DXB;ARE;2021-11-30 01:12:45;2021-11-30 03:37:00
A6-EGY;DXB;ARE;DUB;IRL;2021-11-29 03:30:00;2021-11-29 11:13:00
A6-ECI;DXB;ARE;KUL;MYS;2021-11-30 04:53:00;2021-11-30 11:32:00
A6-ENL;EBB;UGA;DXB;ARE;2021-11-30 13:59:00;2021-11-30 19:02:00
A6-EVP;DXB;ARE;LHR;GBR;2021-11-29 04:26:00;2021-11-29 12:05:00
A6-EGU;SGN;VNM;DXB;ARE;2021-11-28 15:26:00;2021-11-28 22:24:00
A6-ECC;GRU;BRA;BOG;COL;2021-11-30 12:04:27;2021-11-30 17:22:00
A6-EGM;DXB;ARE;CPH;DNK;2021-11-28 23:36:00;2021-11-29 06:03:00
A6-ENP;DXB;ARE;DUB;IRL;2021-11-30 03:36:00;2021-11-30 11:27:00
A6-EQP;DXB;ARE;RUH;SAU;2021-11-29 22:02:00;2021-11-29 23:46:00
A6-EGS;DXB;ARE;DUB;IRL;2021-11-28 03:42:00;2021-11-28 11:21:00
A6-EGC;DXB;ARE;KWI;KWT;2021-11-30 21:27:00;2021-11-30 22:59:00
A6-EBR;DXB;ARE;KHI;PAK;2021-11-28 17:33:00;2021-11-28 19:29:00
A6-EPM;WAW;POL;DXB;ARE;2021-11-28 20:36:19;2021-11-29 01:44:00
A6-ENJ;DXB;ARE;BEY;LBN;2021-11-29 11:33:00;2021-11-29 15:19:00
A6-ENU;DXB;ARE;KWI;KWT;2021-11-30 10:44:00;2021-11-30 12:16:00
A6-ECW;BLR;IND;DXB;ARE;2021-11-28 23:03:49;2021-11-29 02:35:00
A6-EVI;MRU;MUS;DXB;ARE;2021-11-27 20:09:00;2021-11-28 02:11:00
A6-EEV;DXB;ARE;DME;RUS;2021-11-30 05:42:00;2021-11-30 11:01:00
A6-ENW;DMM;SAU;DXB;ARE;2021-11-28 07:04:18;2021-11-28 08:13:00
A6-EWF;AMM;JOR;DXB;ARE;2021-11-28 23:49:40;2021-11-29 02:32:00
A6-EUU;CAN;CHN;BKK;THA;2021-11-27 11:19:00;2021-11-27 13:45:00
A6-EEV;DXB;ARE;MXP;ITA;2021-11-29 12:19:00;2021-11-29 18:53:00
A6-EPI;BEY;LBN;DXB;ARE;2021-11-28 09:43:45;2021-11-28 13:13:00
A6-EUS;AMM;JOR;DXB;ARE;2021-11-28 15:21:00;2021-11-28 17:44:00
A6-ECW;DXB;ARE;BLR;IND;2021-11-28 17:35:00;2021-11-28 21:16:00
A6-EPV;BOS;USA;DXB;ARE;2021-11-30 03:23:56;2021-11-30 15:04:00
A6-ENW;DXB;ARE;KHI;PAK;2021-11-30 14:09:00;2021-11-30 16:05:00
A6-ECX;EWR;USA;ATH;GRC;2021-11-28 05:14:00;2021-11-28 14:04:00
A6-EBW;SGN;VNM;BKK;THA;2021-11-30 14:33:23;2021-11-30 15:38:00
A6-EUD;FRA;DEU;DXB;ARE;2021-11-29 13:51:00;2021-11-29 19:18:00
A6-EQJ;NRT;JPN;DXB;ARE;2021-11-27 13:44:00;2021-11-28 01:06:00
A6-EGS;DXB;ARE;HKT;THA;2021-11-28 23:48:44;2021-11-29 05:33:00
A6-EVD;LHR;GBR;DXB;ARE;2021-11-30 21:05:00;2021-12-01 03:02:00
A6-EBK;DXB;ARE;ORD;USA;2021-11-28 22:40:00;2021-11-29 12:58:00
A6-EVO;CDG;FRA;DXB;ARE;2021-11-29 20:47:36;2021-11-30 03:09:00
A6-EVI;DXB;ARE;CAI;EGY;2021-11-29 04:27:00;2021-11-29 07:56:00
A6-ECE;DXB;ARE;BOM;IND;2021-11-29 23:59:40;2021-11-30 02:40:00
A6-EPJ;DXB;ARE;MAA;IND;2021-11-30 17:29:00;2021-11-30 20:58:00
A6-EVO;DXB;ARE;CDG;FRA;2021-11-30 10:58:00;2021-11-30 18:43:00
A6-EWF;DXB;ARE;AMM;JOR;2021-11-28 18:35:00;2021-11-28 21:33:00
A6-EWB;DFW;USA;DXB;ARE;2021-11-27 02:10:00;2021-11-27 16:27:00
A6-EPM;BEY;LBN;DXB;ARE;2021-11-30 17:04:45;2021-11-30 20:34:00
A6-EUK;YYZ;CAN;DXB;ARE;2021-11-30 02:32:00;2021-11-30 14:18:00
A6-ENI;DXB;ARE;CAI;EGY;2021-11-29 08:17:24;2021-11-29 11:36:00
A6-ECK;TRV;IND;DXB;ARE;2021-11-27 23:31:09;2021-11-28 03:11:00
A6-EQA;SFO;USA;DXB;ARE;2021-11-28 23:45:26;2021-11-29 14:33:00
A6-EUE;LHR;GBR;DXB;ARE;2021-11-29 19:22:00;2021-11-30 01:28:00
A6-ECF;DXB;ARE;ALG;DZA;2021-11-30 06:30:00;2021-11-30 13:21:00
A6-EBU;BOM;IND;DXB;ARE;2021-11-29 05:07:00;2021-11-29 07:50:00
A6-EPB;DXB;ARE;BOM;IND;2021-11-29 17:47:40;2021-11-29 20:28:00
A6-EQD;PER;AUS;DXB;ARE;2021-11-30 14:16:56;2021-12-01 00:47:00
A6-ENH;CPH;DNK;DXB;ARE;2021-11-28 13:23:10;2021-11-28 19:19:00
A6-EPQ;DXB;ARE;MNL;PHL;2021-11-28 23:42:14;2021-11-29 07:50:00
A6-EUS;MRU;MUS;DXB;ARE;2021-11-29 19:14:00;2021-11-30 01:07:00
A6-EUM;DXB;ARE;AMS;NLD;2021-11-29 04:39:00;2021-11-29 11:46:00
A6-EGQ;ACC;GHA;DXB;ARE;2021-11-28 18:55:00;2021-11-29 02:21:00
A6-EUS;DXB;ARE;MRU;MUS;2021-11-28 22:44:00;2021-11-29 04:59:00
A6-ECQ;KUL;MYS;AKL;NZL;2021-11-28 13:18:00;2021-11-28 22:45:00
A6-EGX;MEL;AUS;CHC;NZL;2021-11-29 18:45:00;2021-11-29 21:42:00
A6-EOV;DME;RUS;DXB;ARE;2021-11-28 21:15:00;2021-11-29 01:40:00
A6-EPW;SEA;USA;DXB;ARE;2021-11-29 00:58:29;2021-11-29 14:46:00
A6-EVG;DXB;ARE;JFK;USA;2021-11-28 05:48:00;2021-11-28 20:26:00
A6-EQH;DXB;ARE;IAD;USA;2021-11-30 22:50:00;2021-12-01 13:40:00
A6-EQH;BRU;BEL;DXB;ARE;2021-11-29 13:27:01;2021-11-29 19:37:00
A6-EPG;DXB;ARE;CGK;IDN;2021-11-29 00:57:00;2021-11-29 08:43:00
A6-EPN;DEL;IND;DXB;ARE;2021-11-28 05:19:00;2021-11-28 08:47:00
A6-EQI;GVA;CHE;DXB;ARE;2021-11-30 13:32:16;2021-11-30 19:37:00
A6-EGG;HAN;VNM;DXB;ARE;2021-11-29 05:38:00;2021-11-29 12:23:00
A6-ECF;TRV;IND;DXB;ARE;2021-11-29 23:22:09;2021-11-30 03:02:00
A6-EUB;VIE;AUT;DXB;ARE;2021-11-28 14:20:00;2021-11-28 19:20:00
A6-ECM;MLE;MDV;DXB;ARE;2021-11-29 13:19:49;2021-11-29 17:12:00
A6-EVD;DXB;ARE;LHR;GBR;2021-11-30 11:08:00;2021-11-30 18:43:00
A6-ENP;DXB;ARE;MLE;MDV;2021-11-29 06:10:02;2021-11-29 09:56:00
A6-EQF;SEA;USA;DXB;ARE;2021-11-30 00:17:31;2021-11-30 14:05:00
A6-ENO;KHI;PAK;DXB;ARE;2021-11-29 07:27:03;2021-11-29 09:23:00
A6-EPJ;MLE;MDV;DXB;ARE;2021-11-29 04:46:49;2021-11-29 08:39:00
A6-ENV;HRE;ZWE;LUN;ZMB;2021-11-27 17:02:36;2021-11-27 17:47:00
A6-EOD;DXB;ARE;CDG;FRA;2021-11-28 04:29:00;2021-11-28 11:26:00
A6-EPG;DXB;ARE;CGK;IDN;2021-11-30 07:13:00;2021-11-30 15:05:00
A6-EGD;CPH;DNK;DXB;ARE;2021-11-28 17:03:10;2021-11-28 22:59:00
A6-ENO;DXB;ARE;KHI;PAK;2021-11-29 03:39:00;2021-11-29 05:35:00
A6-EBR;KHI;PAK;DXB;ARE;2021-11-29 21:45:00;2021-11-29 23:38:00
A6-EQO;NRT;JPN;DXB;ARE;2021-11-28 13:44:00;2021-11-29 01:02:00
A6-ENH;CPH;DNK;DXB;ARE;2021-11-29 13:19:00;2021-11-29 19:12:00
A6-EED;JED;SAU;DXB;ARE;2021-11-30 18:00:00;2021-11-30 20:15:53
A6-ECU;DEL;IND;DXB;ARE;2021-11-30 11:18:15;2021-11-30 14:33:00
A6-EGW;BKK;THA;DXB;ARE;2021-11-30 22:44:06;2021-12-01 04:55:00
A6-EPF;DXB;ARE;OSL;NOR;2021-11-30 04:07:00;2021-11-30 10:57:00
A6-EQK;SIN;SGP;DXB;ARE;2021-11-28 16:41:00;2021-11-28 23:34:00
A6-ENY;LHE;PAK;DXB;ARE;2021-11-29 06:19:37;2021-11-29 09:19:00
A6-EGZ;CMB;LKA;DXB;ARE;2021-11-30 05:20:00;2021-11-30 09:30:00
A6-EQK;DXB;ARE;GVA;CHE;2021-11-29 05:01:00;2021-11-29 11:41:00
A6-EPA;DXB;ARE;MLE;MDV;2021-11-29 00:52:02;2021-11-29 04:38:00
A6-ECU;DXB;ARE;KIX;JPN;2021-11-28 05:23:49;2021-11-28 13:53:00
A6-EPA;DXB;ARE;CAI;EGY;2021-11-29 17:22:24;2021-11-29 20:41:00
A6-ECH;VCE;ITA;DXB;ARE;2021-11-29 14:12:24;2021-11-29 19:32:00
A6-ECA;DXB;ARE;JNB;ZAF;2021-11-29 03:56:00;2021-11-29 11:51:00
A6-EPA;CRK;PHL;DXB;ARE;2021-11-28 12:00:00;2021-11-28 20:28:00
A6-ECS;ATH;GRC;EWR;USA;2021-11-29 15:38:00;2021-11-30 02:11:00
A6-EWB;MEX;MEX;BCN;ESP;2021-11-30 02:48:00;2021-11-30 13:12:00
A6-EGH;DXB;ARE;SYD;AUS;2021-11-28 22:44:12;2021-11-29 11:50:00
A6-EGK;CPH;DNK;ORD;USA;2021-11-28 04:16:00;2021-11-28 13:04:00
A6-EGY;DXB;ARE;DAC;BGD;2021-11-28 13:21:10;2021-11-28 17:24:00
A6-ECF;DXB;ARE;TRV;IND;2021-11-29 17:59:00;2021-11-29 21:39:00
A6-EVN;CDG;FRA;DXB;ARE;2021-11-28 20:46:36;2021-11-29 03:08:00
A6-EEX;LHR;GBR;DXB;ARE;2021-11-28 22:58:00;2021-11-29 04:56:00
A6-EGK;DXB;ARE;SIN;SGP;2021-11-30 18:02:00;2021-12-01 01:11:00
A6-EPJ;DXB;ARE;DUS;DEU;2021-11-29 11:16:00;2021-11-29 18:07:00
A6-EUS;AMM;JOR;DXB;ARE;2021-11-30 15:48:00;2021-11-30 18:04:00
A6-ENA;BHX;GBR;DXB;ARE;2021-11-30 13:34:51;2021-11-30 20:12:00
A6-EVE;DXB;ARE;LAX;USA;2021-11-28 05:18:00;2021-11-28 21:18:00
A6-EVG;DXB;ARE;LHR;GBR;2021-11-30 06:43:00;2021-11-30 14:17:00
A6-ENS;DXB;ARE;RUH;SAU;2021-11-30 13:13:00;2021-11-30 14:57:00
A6-ENO;DXB;ARE;ISB;PAK;2021-11-29 18:07:53;2021-11-29 20:34:00
A6-ECO;DXB;ARE;BLR;IND;2021-11-30 17:51:00;2021-11-30 21:32:00
A6-EGL;DXB;ARE;NBO;KEN;2021-11-30 12:22:00;2021-11-30 17:05:00
A6-EOV;DXB;ARE;VIE;AUT;2021-11-29 05:21:00;2021-11-29 11:23:00
A6-EVC;MRU;MUS;DXB;ARE;2021-11-30 19:33:00;2021-12-01 01:45:00
A6-EVK;IAD;USA;DXB;ARE;2021-11-29 16:13:00;2021-11-30 04:17:00
A6-ENE;CMB;LKA;MLE;MDV;2021-11-28 14:47:05;2021-11-28 15:58:00
A6-EQC;DXB;ARE;LYS;FRA;2021-11-28 11:16:00;2021-11-28 18:07:00
A6-EWF;DFW;USA;DXB;ARE;2021-11-30 01:42:42;2021-11-30 15:47:00
A6-EOT;DXB;ARE;DME;RUS;2021-11-30 12:32:00;2021-11-30 17:26:00
A6-EGM;LCK;USA;DXB;ARE;2021-11-29 20:18:56;2021-11-30 09:07:00
A6-ENV;ACC;GHA;DXB;ARE;2021-11-30 18:51:00;2021-12-01 02:11:00
A6-EOC;CDG;FRA;DXB;ARE;2021-11-30 13:52:00;2021-11-30 19:53:00
A6-ECM;RUH;SAU;DXB;ARE;2021-11-29 01:45:33;2021-11-29 03:20:00
A6-ENI;DXB;ARE;PEW;PAK;2021-11-29 23:38:54;2021-11-30 02:02:00
A6-EPV;DXB;ARE;ICN;KOR;2021-11-30 23:56:19;2021-12-01 07:38:00
A6-END;DXB;ARE;LHE;PAK;2021-11-30 18:19:41;2021-11-30 20:47:00
A6-EPN;IST;TUR;DXB;ARE;2021-11-30 17:19:53;2021-11-30 20:59:00
A6-EVL;DXB;ARE;JFK;USA;2021-11-29 22:47:00;2021-11-30 13:03:00
A6-EQI;DXB;ARE;GVA;CHE;2021-11-28 11:20:00;2021-11-28 18:04:00
A6-EVO;CDG;FRA;DXB;ARE;2021-11-30 20:23:36;2021-12-01 02:45:00
A6-EPL;DXB;ARE;MLE;MDV;2021-11-30 07:29:00;2021-11-30 11:15:00
A6-EQB;ORD;USA;DXB;ARE;2021-11-29 02:24:52;2021-11-29 15:13:00
A6-EGX;DXB;ARE;RUH;SAU;2021-11-30 22:02:00;2021-11-30 23:46:00
A6-EPT;DMM;SAU;DXB;ARE;2021-11-30 06:35:18;2021-11-30 07:44:00
A6-EOE;DXB;ARE;MAN;GBR;2021-11-28 03:45:00;2021-11-28 11:17:00
A6-EQP;BRU;BEL;DXB;ARE;2021-11-28 13:43:01;2021-11-28 19:53:00
A6-EUQ;DXB;ARE;MAN;GBR;2021-11-29 11:10:00;2021-11-29 18:51:00
A6-EPO;DXB;ARE;BAH;BHR;2021-11-28 22:41:00;2021-11-28 23:33:00
A6-EPT;DAC;BGD;DXB;ARE;2021-11-29 13:58:00;2021-11-29 18:45:00
A6-ENR;DXB;ARE;ARN;SWE;2021-11-29 05:02:00;2021-11-29 11:17:00
A6-EPG;DXB;ARE;KHI;PAK;2021-11-28 14:03:00;2021-11-28 15:59:00
A6-EGI;MIA;USA;DXB;ARE;2021-11-29 01:17:51;2021-11-29 14:57:00
A6-EPT;BLR;IND;DXB;ARE;2021-11-28 14:03:49;2021-11-28 17:35:00
A6-EQG;SFO;USA;DXB;ARE;2021-11-30 00:07:00;2021-11-30 15:02:00
A6-EBQ;MLE;MDV;DXB;ARE;2021-11-28 13:15:49;2021-11-28 17:08:00
A6-EER;MAD;ESP;DXB;ARE;2021-11-30 13:58:00;2021-11-30 20:21:00
A6-ECU;DXB;ARE;COK;IND;2021-11-29 18:04:00;2021-11-29 21:37:00
A6-EPX;DXB;ARE;ICN;KOR;2021-11-30 00:04:00;2021-11-30 07:55:00
A6-EPO;HKT;THA;BKK;THA;2021-11-30 07:16:07;2021-11-30 08:23:00
A6-EOE;DXB;ARE;FRA;DEU;2021-11-30 11:58:00;2021-11-30 18:41:00
A6-EPA;DXB;ARE;BOM;IND;2021-11-30 17:55:40;2021-11-30 20:36:00
A6-ENZ;DXB;ARE;SEZ;SYC;2021-11-28 06:40:00;2021-11-28 10:51:00
A6-ENS;DXB;ARE;MAA;IND;2021-11-28 23:03:00;2021-11-29 02:31:00
A6-EPL;DXB;ARE;MAA;IND;2021-11-29 17:24:01;2021-11-29 20:52:00
A6-EUM;AMS;NLD;DXB;ARE;2021-11-30 13:55:00;2021-11-30 19:40:00
A6-EGB;HAN;VNM;BKK;THA;2021-11-28 14:42:03;2021-11-28 16:14:00
A6-EGY;DUB;IRL;DXB;ARE;2021-11-29 13:04:51;2021-11-29 20:08:00
A6-EPY;DXB;ARE;SFO;USA;2021-11-30 05:10:00;2021-11-30 20:54:00
A6-ECZ;DXB;ARE;TPE;TWN;2021-11-30 06:13:34;2021-11-30 13:50:00
A6-EPR;DXB;ARE;NCL;GBR;2021-11-28 10:22:00;2021-11-28 18:29:00
A6-ECQ;DXB;ARE;KUL;MYS;2021-11-28 05:15:00;2021-11-28 11:48:00
A6-ECF;ALG;DZA;TUN;TUN;2021-11-30 16:50:00;2021-11-30 17:49:00
A6-EEI;DXB;ARE;MUC;DEU;2021-11-30 05:08:00;2021-11-30 11:29:00
A6-ENA;LHE;PAK;DXB;ARE;2021-11-28 23:09:37;2021-11-29 02:09:00
A6-EWF;DXB;ARE;DFW;USA;2021-11-29 05:52:00;2021-11-29 21:41:00
A6-ECY;KHI;PAK;DXB;ARE;2021-11-30 15:09:07;2021-11-30 17:05:00
A6-EPN;DXB;ARE;DEL;IND;2021-11-28 00:21:36;2021-11-28 03:06:00
A6-EWF;DXB;ARE;BSR;IRQ;2021-11-28 04:18:00;2021-11-28 05:49:00
A6-EUV;JED;SAU;DXB;ARE;2021-11-28 17:41:00;2021-11-28 20:09:00
A6-EBO;DXB;ARE;ZAZ;ESP;2021-11-29 23:38:00;2021-11-30 07:08:00
A6-EWH;DXB;ARE;IAH;USA;2021-11-29 06:32:00;2021-11-29 22:38:00
A6-ECF;TUN;TUN;DXB;ARE;2021-11-30 18:35:36;2021-11-30 23:57:00
A6-EPD;MLE;MDV;DXB;ARE;2021-11-30 06:56:49;2021-11-30 10:49:00
A6-EQN;DXB;ARE;RUH;SAU;2021-11-28 03:12:00;2021-11-28 04:56:00
A6-EVD;IAD;USA;DXB;ARE;2021-11-28 16:27:00;2021-11-29 04:46:00
A6-EPP;LED;RUS;DXB;ARE;2021-11-27 20:33:47;2021-11-28 01:54:00
A6-ENC;BHX;GBR;DXB;ARE;2021-11-29 13:40:51;2021-11-29 20:18:00
A6-EQJ;ATH;GRC;DXB;ARE;2021-11-29 15:52:00;2021-11-29 20:06:00
A6-EVD;AMM;JOR;DXB;ARE;2021-11-29 15:59:00;2021-11-29 18:18:00
A6-ECI;KUL;MYS;AKL;NZL;2021-11-30 13:08:00;2021-11-30 22:38:00
A6-EGC;DAR;TZA;DXB;ARE;2021-11-30 13:19:08;2021-11-30 18:16:00
A6-EEA;MAD;ESP;DXB;ARE;2021-11-27 20:59:00;2021-11-28 03:08:00
A6-EUC;DXB;ARE;MUC;DEU;2021-11-28 05:28:00;2021-11-28 11:45:00
A6-EGE;DXB;ARE;COK;IND;2021-11-28 23:02:00;2021-11-29 02:29:00
A6-EPE;DXB;ARE;CGK;IDN;2021-11-28 01:07:00;2021-11-28 08:49:00
A6-EOW;IST;TUR;DXB;ARE;2021-11-28 14:39:00;2021-11-28 18:10:00
A6-EGQ;ABJ;CIV;ACC;GHA;2021-11-28 16:29:00;2021-11-28 17:13:00
A6-ENV;ACC;GHA;ABJ;CIV;2021-11-30 14:05:00;2021-11-30 14:48:00
A6-EVG;JFK;USA;DXB;ARE;2021-11-29 03:51:00;2021-11-29 15:51:00
A6-EQG;ICN;KOR;DXB;ARE;2021-11-28 14:57:00;2021-11-29 00:32:00
A6-EQN;BRU;BEL;DXB;ARE;2021-11-30 13:38:01;2021-11-30 19:48:00
A6-EWA;LYS;FRA;DXB;ARE;2021-11-29 19:44:37;2021-11-30 01:40:00
A6-ENE;FCO;ITA;DXB;ARE;2021-11-27 13:54:40;2021-11-27 19:17:00
A6-EPB;DXB;ARE;LED;RUS;2021-11-28 11:57:00;2021-11-28 17:41:00
A6-ENP;DXB;ARE;AMS;NLD;2021-11-28 11:39:00;2021-11-28 18:46:00
A6-ECD;DXB;ARE;JNB;ZAF;2021-11-30 03:59:00;2021-11-30 11:43:00
A6-END;DXB;ARE;BHX;GBR;2021-11-29 11:31:00;2021-11-29 19:12:00
A6-EPJ;DXB;ARE;MLE;MDV;2021-11-28 23:06:02;2021-11-29 02:52:00
A6-EVO;DXB;ARE;LHR;GBR;2021-11-28 11:08:00;2021-11-28 18:37:00
A6-EGG;SIN;SGP;PNH;KHM;2021-11-28 02:17:07;2021-11-28 03:50:00
A6-EPS;DXB;ARE;DMM;SAU;2021-11-29 12:18:00;2021-11-29 13:22:00
A6-EWJ;BCN;ESP;DXB;ARE;2021-11-29 14:14:00;2021-11-29 20:16:00
A6-ENO;ISB;PAK;DXB;ARE;2021-11-29 23:13:05;2021-11-30 02:21:00
A6-EVP;LHR;GBR;DXB;ARE;2021-11-29 14:03:00;2021-11-29 20:29:00
A6-EGB;DXB;ARE;CMN;MAR;2021-11-29 05:20:00;2021-11-29 13:28:00
A6-EGG;CPH;DNK;LCK;USA;2021-11-30 07:36:00;2021-11-30 16:27:00
A6-ECA;DXB;ARE;ATH;GRC;2021-11-30 08:06:00;2021-11-30 13:02:00
A6-EWC;BCN;ESP;DXB;ARE;2021-11-28 14:25:00;2021-11-28 20:27:00
A6-ECE;DXB;ARE;BAH;BHR;2021-11-30 12:34:24;2021-11-30 13:26:00
A6-EUQ;MAN;GBR;DXB;ARE;2021-11-29 21:21:00;2021-11-30 03:35:00
A6-EGY;SEZ;SYC;DXB;ARE;2021-11-28 04:39:31;2021-11-28 08:43:00
A6-EGE;DXB;ARE;BUD;HUN;2021-11-28 07:02:00;2021-11-28 12:38:00
A6-ECV;MXP;ITA;JFK;USA;2021-11-28 15:30:34;2021-11-28 23:42:00
A6-EQC;ORD;USA;DXB;ARE;2021-11-30 01:56:54;2021-11-30 14:45:00
A6-EOW;DXB;ARE;DME;RUS;2021-11-29 12:37:00;2021-11-29 17:33:00
A6-ENI;KHI;PAK;DXB;ARE;2021-11-29 02:00:03;2021-11-29 03:56:00
A6-ECH;CKY;GIN;DSS;SEN;2021-11-28 15:49:58;2021-11-28 16:50:00
A6-EGQ;DMM;SAU;DXB;ARE;2021-11-30 14:49:18;2021-11-30 15:58:00
A6-EUT;DXB;ARE;MRU;MUS;2021-11-30 22:48:00;2021-12-01 04:51:00
A6-EGE;DXB;ARE;BLR;IND;2021-11-29 23:33:00;2021-11-30 03:14:00
A6-EBM;DXB;ARE;DEL;IND;2021-11-28 10:20:39;2021-11-28 13:05:00
A6-EGD;SYD;AUS;SIN;SGP;2021-11-30 11:37:00;2021-11-30 19:24:00
A6-ECH;DXB;ARE;VCE;ITA;2021-11-29 05:53:00;2021-11-29 12:06:00
A6-EQF;BRU;BEL;DXB;ARE;2021-11-28 19:16:01;2021-11-29 01:26:00
A6-EOM;FRA;DEU;DXB;ARE;2021-11-28 21:21:00;2021-11-29 02:53:00
A6-ECY;DMM;SAU;DXB;ARE;2021-11-29 20:13:18;2021-11-29 21:22:00
A6-EOM;DXB;ARE;FRA;DEU;2021-11-28 11:46:00;2021-11-28 18:29:00
A6-EEA;DXB;ARE;BKK;THA;2021-11-28 06:09:00;2021-11-28 11:43:00
A6-EPQ;MNL;PHL;DXB;ARE;2021-11-29 15:48:42;2021-11-30 00:07:00
A6-ENJ;HYD;IND;DXB;ARE;2021-11-30 04:37:42;2021-11-30 08:06:00
A6-EPG;KHI;PAK;DXB;ARE;2021-11-28 17:54:03;2021-11-28 19:50:00
A6-EOU;HAM;DEU;DXB;ARE;2021-11-29 13:41:00;2021-11-29 20:02:00
A6-EGD;LCK;USA;CPH;DNK;2021-11-28 07:40:35;2021-11-28 15:13:00
A6-EGE;COK;IND;DXB;ARE;2021-11-29 04:06:00;2021-11-29 07:43:00
A6-EUJ;DXB;ARE;YYZ;CAN;2021-11-28 05:38:00;2021-11-28 19:17:00
A6-ECH;CEB;PHL;CRK;PHL;2021-11-30 09:32:00;2021-11-30 10:33:00
A6-EGY;DXB;ARE;IKA;IRN;2021-11-30 11:29:00;2021-11-30 13:21:00
A6-ECS;DXB;ARE;ATH;GRC;2021-11-29 08:25:00;2021-11-29 13:08:00
A6-EPF;NBO;KEN;DXB;ARE;2021-11-29 20:53:49;2021-11-30 01:25:00
A6-EOT;DME;RUS;DXB;ARE;2021-11-30 21:51:00;2021-12-01 02:16:00
A6-ENE;ACC;GHA;DXB;ARE;2021-11-29 18:52:00;2021-11-30 02:18:00
A6-EPA;DXB;ARE;BGW;IRQ;2021-11-30 09:18:00;2021-11-30 11:21:00
A6-EVN;DXB;ARE;CDG;FRA;2021-11-28 11:29:00;2021-11-28 18:45:00
A6-EVN;DXB;ARE;LHR;GBR;2021-11-29 11:24:00;2021-11-29 18:58:00
A6-EGG;DXB;ARE;HAN;VNM;2021-11-28 19:54:40;2021-11-29 01:51:00
A6-ENJ;DXB;ARE;CMB;LKA;2021-11-28 23:01:28;2021-11-29 02:56:00
A6-ENG;DXB;ARE;ARN;SWE;2021-11-30 05:20:00;2021-11-30 11:44:00
A6-EOZ;DUS;DEU;DXB;ARE;2021-11-30 13:56:00;2021-11-30 19:18:00
A6-EWG;LCA;CYP;DXB;ARE;2021-11-29 14:12:36;2021-11-29 17:39:00
A6-EEX;DXB;ARE;LHR;GBR;2021-11-29 12:44:00;2021-11-29 20:16:00
A6-EPG;CGK;IDN;DXB;ARE;2021-11-29 10:39:27;2021-11-29 18:20:00
A6-EPP;DXB;ARE;DAC;BGD;2021-11-28 22:22:11;2021-11-29 02:25:00
A6-EQM;CDG;FRA;DXB;ARE;2021-11-28 09:30:00;2021-11-28 15:35:00
A6-EEU;FRA;DEU;DXB;ARE;2021-11-29 21:18:00;2021-11-30 02:38:00
A6-EPZ;SEA;USA;DXB;ARE;2021-11-28 00:18:30;2021-11-28 14:06:00
A6-EBO;BQN;PRI;AMS;NLD;2021-11-28 00:48:00;2021-11-28 08:49:00
A6-EPA;CAI;EGY;DXB;ARE;2021-11-29 22:38:12;2021-11-30 01:46:00
A6-EWE;DXB;ARE;DFW;USA;2021-11-28 06:14:00;2021-11-28 21:49:00
A6-EBU;KHI;PAK;DXB;ARE;2021-11-29 17:45:03;2021-11-29 19:41:00
A6-ENW;KHI;PAK;DXB;ARE;2021-11-28 15:01:00;2021-11-28 17:01:00
A6-EBQ;MXP;ITA;JFK;USA;2021-11-30 14:52:00;2021-11-30 23:11:00
A6-EPS;DXB;ARE;IKA;IRN;2021-11-29 21:18:00;2021-11-29 23:07:00
A6-EQM;COK;IND;DXB;ARE;2021-11-28 23:08:00;2021-11-29 02:45:00
A6-ECE;BAH;BHR;DXB;ARE;2021-11-30 14:48:54;2021-11-30 15:51:00
A6-ECZ;NCL;GBR;DXB;ARE;2021-11-29 20:41:30;2021-11-30 03:25:00
A6-EQD;SFO;USA;DXB;ARE;2021-11-28 00:02:00;2021-11-28 14:50:00
A6-EGC;DXB;ARE;DAR;TZA;2021-11-30 06:26:00;2021-11-30 11:16:00
A6-EPN;DXB;ARE;MUC;DEU;2021-11-28 12:58:00;2021-11-28 19:09:00
A6-EPN;DAC;BGD;DXB;ARE;2021-11-29 20:00:00;2021-11-30 00:47:00
A6-EQG;DXB;ARE;ICN;KOR;2021-11-27 23:48:00;2021-11-28 07:33:00
A6-END;LHE;PAK;DXB;ARE;2021-11-30 23:32:37;2021-12-01 02:32:00
A6-EGY;MAA;IND;DXB;ARE;2021-11-30 04:42:00;2021-11-30 08:25:00
A6-ECS;ATH;GRC;DXB;ARE;2021-11-30 15:45:00;2021-11-30 19:59:00
A6-EER;CAI;EGY;DXB;ARE;2021-11-28 10:35:00;2021-11-28 13:25:00
A6-EPK;EBB;UGA;DXB;ARE;2021-11-28 13:25:00;2021-11-28 18:28:00
A6-ENR;BEY;LBN;DXB;ARE;2021-11-30 22:49:45;2021-12-01 02:19:00
A6-EOU;DXB;ARE;HAM;DEU;2021-11-29 05:23:00;2021-11-29 12:04:00
A6-ENP;CMB;LKA;MLE;MDV;2021-11-29 14:54:03;2021-11-29 16:05:00
A6-ECY;DXB;ARE;KHI;PAK;2021-11-30 11:31:00;2021-11-30 13:27:00
A6-EPZ;MXP;ITA;DXB;ARE;2021-11-30 13:36:41;2021-11-30 19:09:00
A6-EEJ;HAM;DEU;DXB;ARE;2021-11-28 14:40:00;2021-11-28 20:30:00
A6-EGB;BKK;THA;DXB;ARE;2021-11-28 18:14:06;2021-11-29 00:25:00
A6-EBW;TUN;TUN;DXB;ARE;2021-11-29 13:37:36;2021-11-29 18:59:00
A6-EPM;DXB;ARE;BLQ;ITA;2021-11-29 05:07:00;2021-11-29 11:27:00
A6-EGV;DXB;ARE;OSL;NOR;2021-11-28 04:36:00;2021-11-28 11:12:00
A6-EEU;DXB;ARE;DME;RUS;2021-11-28 05:47:00;2021-11-28 10:34:00
A6-EGX;DXB;ARE;MEL;AUS;2021-11-28 07:15:00;2021-11-28 20:14:00
A6-EVK;GRU;BRA;DXB;ARE;2021-11-28 03:02:00;2021-11-28 16:33:00
A6-EEE;DXB;ARE;BKK;THA;2021-11-30 06:31:00;2021-11-30 12:08:00
A6-ECK;DXB;ARE;DAR;TZA;2021-11-28 06:24:39;2021-11-28 11:13:00
A6-EVO;DXB;ARE;CDG;FRA;2021-11-29 11:21:00;2021-11-29 18:47:00
A6-EBM;CGK;IDN;DXB;ARE;2021-11-29 09:24:27;2021-11-29 17:05:00
A6-EPO;NCE;FRA;DXB;ARE;2021-11-28 13:16:44;2021-11-28 18:57:00
A6-EBR;KHI;PAK;DXB;ARE;2021-11-28 21:47:03;2021-11-28 23:43:00
A6-ENK;DXB;ARE;KWI;KWT;2021-11-28 21:37:00;2021-11-28 23:09:00
A6-EED;VIE;AUT;DXB;ARE;2021-11-28 21:34:00;2021-11-29 02:27:00
A6-ENQ;DXB;ARE;ARN;SWE;2021-11-28 05:00:00;2021-11-28 11:09:00
A6-ECV;DXB;ARE;SYD;AUS;2021-11-29 22:29:12;2021-11-30 11:35:00
A6-EGA;DXB;ARE;SYD;AUS;2021-11-27 22:19:12;2021-11-28 11:25:00
A6-ENP;AMS;NLD;DXB;ARE;2021-11-28 20:57:20;2021-11-29 03:13:00
A6-ECR;DXB;ARE;GLA;GBR;2021-11-28 03:55:00;2021-11-28 11:38:00
A6-ECI;DXB;ARE;BOM;IND;2021-11-28 09:16:40;2021-11-28 11:57:00
A6-EPM;MLE;MDV;DXB;ARE;2021-11-28 05:19:49;2021-11-28 09:12:00
A6-EBQ;DXB;ARE;CAI;EGY;2021-11-27 18:04:26;2021-11-27 21:23:00
A6-EBO;CMB;LKA;DXB;ARE;2021-11-29 13:37:00;2021-11-29 17:47:00
A6-ENY;FCO;ITA;DXB;ARE;2021-11-30 19:44:40;2021-12-01 01:07:00
A6-ENV;DXB;ARE;ACC;GHA;2021-11-30 05:03:22;2021-11-30 12:40:00
A6-ENR;DXB;ARE;BEY;LBN;2021-11-30 17:28:00;2021-11-30 21:16:00
A6-ENK;LED;RUS;DXB;ARE;2021-11-30 21:48:49;2021-12-01 03:09:00
A6-EGL;NBO;KEN;AMS;NLD;2021-11-30 21:11:00;2021-12-01 05:38:00
A6-ECY;BHX;GBR;DXB;ARE;2021-11-28 14:07:51;2021-11-28 20:45:00
A6-ENU;DXB;ARE;CMB;LKA;2021-11-29 16:07:00;2021-11-29 20:03:00
A6-ECH;DXB;ARE;BKK;THA;2021-11-30 23:23:40;2021-12-01 05:26:00
A6-EVJ;DXB;ARE;LHR;GBR;2021-11-29 06:35:00;2021-11-29 14:07:00
A6-EVJ;JFK;USA;DXB;ARE;2021-11-28 04:02:00;2021-11-28 16:10:00
A6-EPY;DXB;ARE;HYD;IND;2021-11-29 17:49:00;2021-11-29 21:01:00
A6-ENU;DEL;IND;DXB;ARE;2021-11-30 22:59:15;2021-12-01 02:14:00
A6-EQC;LYS;FRA;DXB;ARE;2021-11-28 20:05:34;2021-11-29 02:01:00
A6-ECY;DXB;ARE;SKT;PAK;2021-11-30 00:49:45;2021-11-30 03:25:00
A6-ENE;DXB;ARE;MLE;MDV;2021-11-30 06:03:00;2021-11-30 10:02:00
A6-ENQ;ARN;SWE;DXB;ARE;2021-11-28 13:57:30;2021-11-28 19:46:00
A6-EPS;DEL;IND;DXB;ARE;2021-11-29 05:19:00;2021-11-29 08:35:00
A6-EPU;DXB;ARE;MST;NLD;2021-11-30 03:47:00;2021-11-30 10:55:00
A6-EGT;DXB;ARE;CPH;DNK;2021-11-30 02:03:00;2021-11-30 08:54:00
A6-EVH;GRU;BRA;DXB;ARE;2021-11-29 02:27:00;2021-11-29 16:02:00
A6-ECT;DXB;ARE;PRG;CZE;2021-11-29 05:28:00;2021-11-29 11:44:00
A6-ENL;MAA;IND;DXB;ARE;2021-11-28 22:38:00;2021-11-29 02:16:00
A6-EPS;DXB;ARE;BEY;LBN;2021-11-28 12:06:00;2021-11-28 15:55:00
A6-ENL;DXB;ARE;EBB;UGA;2021-11-30 07:07:00;2021-11-30 11:59:00
A6-EPD;DXB;ARE;DAC;BGD;2021-11-30 12:59:12;2021-11-30 17:02:00
A6-ENU;CMB;LKA;DXB;ARE;2021-11-29 22:01:00;2021-11-30 02:11:00
A6-EUI;LHR;GBR;DXB;ARE;2021-11-28 19:42:00;2021-11-29 01:48:00
A6-EUB;DXB;ARE;VIE;AUT;2021-11-28 05:26:00;2021-11-28 11:15:00
A6-EUV;LAX;USA;DXB;ARE;2021-11-29 23:46:00;2021-11-30 15:00:00
A6-EGM;CPH;DNK;LCK;USA;2021-11-29 07:45:00;2021-11-29 16:10:00
A6-EGA;DXB;ARE;PER;AUS;2021-11-30 23:06:00;2021-12-01 09:21:00
A6-EPL;DXB;ARE;RUH;SAU;2021-11-29 03:17:00;2021-11-29 05:01:00
A6-EPK;DXB;ARE;EBB;UGA;2021-11-28 06:54:00;2021-11-28 11:47:00
A6-EBW;DXB;ARE;BOM;IND;2021-11-28 00:02:40;2021-11-28 02:43:00
A6-EPR;MNL;PHL;DXB;ARE;2021-11-30 16:13:42;2021-12-01 00:32:00
A6-EPY;DXB;ARE;HYD;IND;2021-11-28 17:46:00;2021-11-28 21:10:00
A6-EPT;DXB;ARE;DMM;SAU;2021-11-30 04:01:54;2021-11-30 05:04:00
A6-ENL;DXB;ARE;MAA;IND;2021-11-28 17:32:00;2021-11-28 21:00:00
A6-ECI;BOM;IND;DXB;ARE;2021-11-28 14:09:00;2021-11-28 16:44:00
A6-EQL;NRT;JPN;DXB;ARE;2021-11-30 13:45:00;2021-12-01 01:21:00
A6-EQK;DXB;ARE;RUH;SAU;2021-11-27 22:18:00;2021-11-28 00:02:00
A6-EGJ;DXB;ARE;BKK;THA;2021-11-28 07:28:40;2021-11-28 13:31:00
A6-EUN;DXB;ARE;MAN;GBR;2021-11-30 11:14:00;2021-11-30 19:01:00
A6-EPO;WAW;POL;DXB;ARE;2021-11-29 12:46:20;2021-11-29 17:54:00
A6-EWJ;BCN;ESP;MEX;MEX;2021-11-28 09:42:00;2021-11-28 21:58:00
A6-EUC;CAI;EGY;DXB;ARE;2021-11-30 11:16:00;2021-11-30 14:01:00
A6-EEN;FRA;DEU;DXB;ARE;2021-11-30 14:09:00;2021-11-30 19:30:00
A6-ECJ;DXB;ARE;CMN;MAR;2021-11-28 04:40:00;2021-11-28 13:03:00
A6-ECT;DXB;ARE;BKK;THA;2021-11-29 23:37:40;2021-11-30 05:40:00
A6-EPQ;CPH;DNK;DXB;ARE;2021-11-30 13:05:36;2021-11-30 19:01:00
A6-EBK;LCK;USA;DXB;ARE;2021-11-27 23:24:00;2021-11-28 12:26:00
A6-EPN;DXB;ARE;IST;TUR;2021-11-30 10:46:00;2021-11-30 15:19:00
A6-EGQ;BAH;BHR;DXB;ARE;2021-11-30 06:46:54;2021-11-30 07:49:00
A6-ENJ;CMB;LKA;DXB;ARE;2021-11-30 21:49:00;2021-12-01 01:59:00
A6-EQI;DXB;ARE;GVA;CHE;2021-11-30 04:59:00;2021-11-30 11:46:00
A6-ECM;DXB;ARE;MLE;MDV;2021-11-29 06:34:00;2021-11-29 10:52:00
A6-EVH;IAD;USA;DXB;ARE;2021-11-30 15:45:00;2021-12-01 04:00:00
A6-EPQ;DXB;ARE;PEW;PAK;2021-11-30 23:34:54;2021-12-01 01:58:00
A6-EQF;DXB;ARE;SEA;USA;2021-11-29 06:24:00;2021-11-29 20:23:00
A6-EWH;CAI;EGY;DXB;ARE;2021-11-27 14:05:12;2021-11-27 17:13:00
A6-EBR;DXB;ARE;DEL;IND;2021-11-28 06:05:37;2021-11-28 08:50:00
A6-EEU;DME;RUS;DXB;ARE;2021-11-28 14:27:00;2021-11-28 18:53:00
A6-EPB;LED;RUS;DXB;ARE;2021-11-28 20:52:48;2021-11-29 02:13:00
A6-EVP;DXB;ARE;LHR;GBR;2021-11-28 04:49:00;2021-11-28 12:11:00
A6-EWC;DXB;ARE;DFW;USA;2021-11-30 06:01:00;2021-11-30 21:42:00
A6-EPH;DXB;ARE;HKT;THA;2021-11-30 23:43:44;2021-12-01 05:28:00
A6-EGW;SGN;VNM;BKK;THA;2021-11-30 20:13:27;2021-11-30 21:18:00
A6-ECA;ATH;GRC;EWR;USA;2021-11-30 15:33:00;2021-12-01 01:49:00
A6-EGX;CHC;NZL;MEL;AUS;2021-11-29 23:46:29;2021-11-30 03:00:00
A6-EPK;DXB;ARE;CAI;EGY;2021-11-30 17:21:00;2021-11-30 20:49:00
A6-ECJ;DXB;ARE;DMM;SAU;2021-11-29 03:51:54;2021-11-29 04:54:00
A6-EQG;DXB;ARE;SFO;USA;2021-11-29 05:18:00;2021-11-29 20:36:00
A6-ECA;BKK;THA;DXB;ARE;2021-11-28 17:52:06;2021-11-29 00:03:00
A6-ENK;FCO;ITA;DXB;ARE;2021-11-29 13:57:40;2021-11-29 19:20:00
A6-EWA;DXB;ARE;LYS;FRA;2021-11-29 11:19:00;2021-11-29 18:23:00
A6-EOM;FRA;DEU;DXB;ARE;2021-11-27 21:08:00;2021-11-28 02:44:00
A6-EPM;DXB;ARE;BEY;LBN;2021-11-30 11:36:00;2021-11-30 15:25:00
A6-ENS;DXB;ARE;BGW;IRQ;2021-11-28 04:34:00;2021-11-28 06:39:00
A6-EPU;MST;NLD;LCK;USA;2021-11-30 12:23:00;2021-11-30 21:13:00
A6-EBW;BOM;IND;DXB;ARE;2021-11-28 05:23:38;2021-11-28 07:58:00
A6-EUU;DXB;ARE;JFK;USA;2021-11-29 05:12:00;2021-11-29 19:44:00
A6-ECG;AKL;NZL;KUL;MYS;2021-11-30 05:19:36;2021-11-30 15:39:00
A6-ECS;EWR;USA;ATH;GRC;2021-11-30 05:14:44;2021-11-30 15:50:00
A6-EWB;DXB;ARE;BCN;ESP;2021-11-29 00:13:00;2021-11-29 07:20:00
A6-EQA;DXB;ARE;SEA;USA;2021-11-30 06:20:00;2021-11-30 20:38:00
A6-EPW;DXB;ARE;BOS;USA;2021-11-30 04:44:00;2021-11-30 18:35:00
A6-EQI;GVA;CHE;DXB;ARE;2021-11-28 20:03:16;2021-11-29 02:08:00
A6-EPP;DXB;ARE;BAH;BHR;2021-11-29 22:29:24;2021-11-29 23:21:00
A6-EPT;DXB;ARE;JED;SAU;2021-11-28 20:47:41;2021-11-28 23:16:00
A6-EWG;DXB;ARE;LCA;CYP;2021-11-29 07:03:00;2021-11-29 10:52:00
A6-EEW;DXB;ARE;HAM;DEU;2021-11-30 05:26:00;2021-11-30 12:11:00
A6-EGL;NBO;KEN;AMS;NLD;2021-11-27 23:26:00;2021-11-28 07:49:00
A6-EBW;BOM;IND;DXB;ARE;2021-11-28 22:58:38;2021-11-29 01:33:00
A6-EPI;DXB;ARE;BEY;LBN;2021-11-27 11:34:00;2021-11-27 15:24:00
A6-ENI;DAC;BGD;DXB;ARE;2021-11-28 13:31:00;2021-11-28 18:18:00
A6-EPG;KHI;PAK;DXB;ARE;2021-11-30 02:03:07;2021-11-30 03:59:00
A6-EQA;DXB;ARE;SFO;USA;2021-11-28 05:22:00;2021-11-28 20:58:00
A6-EUA;DXB;ARE;IST;TUR;2021-11-29 06:53:00;2021-11-29 12:27:00
A6-EPB;DXB;ARE;AMM;JOR;2021-11-30 18:50:00;2021-11-30 21:41:00
A6-EEN;DXB;ARE;MUC;DEU;2021-11-29 05:15:00;2021-11-29 11:34:00
A6-EOD;CDG;FRA;DXB;ARE;2021-11-28 13:46:51;2021-11-28 19:44:00
A6-EPB;BAH;BHR;DXB;ARE;2021-11-28 07:58:00;2021-11-28 09:02:00
A6-EGH;SYD;AUS;DXB;ARE;2021-11-30 11:28:00;2021-12-01 01:23:00
A6-EGQ;DXB;ARE;ACC;GHA;2021-11-28 04:23:21;2021-11-28 12:00:00
A6-EPM;BLQ;ITA;DXB;ARE;2021-11-29 13:16:00;2021-11-29 18:37:00
A6-ENS;DXB;ARE;RUH;SAU;2021-11-28 13:30:00;2021-11-28 15:14:00
A6-EPP;DXB;ARE;ADD;ETH;2021-11-28 06:15:00;2021-11-28 09:57:00
A6-EEE;BKK;THA;DXB;ARE;2021-11-30 14:04:00;2021-11-30 20:19:00
A6-EQE;DXB;ARE;ORD;USA;2021-11-30 05:37:00;2021-11-30 19:58:00
A6-EPD;DXB;ARE;IST;TUR;2021-11-28 10:55:00;2021-11-28 15:36:00
A6-ENL;DXB;ARE;DEL;IND;2021-11-29 18:01:40;2021-11-29 20:46:00
A6-EQP;RUH;SAU;DXB;ARE;2021-11-30 02:10:33;2021-11-30 03:45:00
A6-EPU;DXB;ARE;LIS;PRT;2021-11-28 04:20:00;2021-11-28 12:30:00
A6-EGS;HKT;THA;BKK;THA;2021-11-29 07:01:00;2021-11-29 08:09:00
A6-EQB;DXB;ARE;ORD;USA;2021-11-28 06:01:00;2021-11-28 20:34:00
A6-EBR;DXB;ARE;KHI;PAK;2021-11-29 17:25:00;2021-11-29 19:21:00
A6-ENK;DXB;ARE;FCO;ITA;2021-11-29 05:17:00;2021-11-29 11:31:00
A6-EEE;BKK;THA;DXB;ARE;2021-11-29 13:51:00;2021-11-29 19:59:00
A6-EQN;DXB;ARE;ZRH;CHE;2021-11-28 12:56:00;2021-11-28 19:18:00
A6-EWC;MEX;MEX;BCN;ESP;2021-11-28 02:09:00;2021-11-28 12:21:00
A6-ENE;MLE;MDV;DXB;ARE;2021-11-30 17:56:49;2021-11-30 21:49:00
A6-EPF;OSL;NOR;DXB;ARE;2021-11-30 13:49:23;2021-11-30 20:01:00
A6-ENV;DXB;ARE;IST;TUR;2021-11-29 10:54:00;2021-11-29 15:46:00
A6-EQM;KIX;JPN;DXB;ARE;2021-11-30 15:06:00;2021-12-01 01:55:00
A6-EGN;HAN;VNM;DXB;ARE;2021-11-28 06:16:00;2021-11-28 13:10:00
A6-ECR;DXB;ARE;MIA;USA;2021-11-29 00:04:00;2021-11-29 16:00:00
A6-ENA;DXB;ARE;LHE;PAK;2021-11-28 18:24:41;2021-11-28 20:52:00
A6-ENU;DXB;ARE;DUS;DEU;2021-11-28 11:04:00;2021-11-28 17:49:00
A6-EBM;DXB;ARE;CGK;IDN;2021-11-28 21:49:00;2021-11-29 05:39:00
A6-ENJ;DXB;ARE;HYD;IND;2021-11-29 23:52:00;2021-11-30 02:54:00
A6-EOE;MAN;GBR;DXB;ARE;2021-11-28 14:44:00;2021-11-28 21:01:00
A6-EPG;SKT;PAK;DXB;ARE;2021-11-27 21:34:00;2021-11-28 00:57:00
A6-EPX;ICN;KOR;DXB;ARE;2021-11-30 15:03:00;2021-12-01 00:43:00
A6-EGI;DXB;ARE;KUL;MYS;2021-11-29 23:50:00;2021-11-30 06:34:00
A6-ENS;BGW;IRQ;DXB;ARE;2021-11-28 07:52:00;2021-11-28 09:55:00
A6-EPV;ORD;USA;DXB;ARE;2021-11-28 02:14:00;2021-11-28 15:06:00
A6-EPS;DMM;SAU;DXB;ARE;2021-11-29 15:04:18;2021-11-29 16:13:00
A6-ECW;DXB;ARE;MCO;USA;2021-11-29 05:43:00;2021-11-29 21:09:00
A6-ENW;DXB;ARE;KHI;PAK;2021-11-28 11:12:00;2021-11-28 13:08:00
A6-EBR;DSS;SEN;DXB;ARE;2021-11-30 17:40:23;2021-12-01 02:39:00
A6-EQL;DXB;ARE;NRT;JPN;2021-11-29 23:13:00;2021-11-30 08:12:00
A6-ECM;DXB;ARE;BAH;BHR;2021-11-28 13:29:24;2021-11-28 14:21:00
A6-ENO;DXB;ARE;DAC;BGD;2021-11-30 22:12:11;2021-12-01 02:15:00
A6-ECW;MCO;USA;DXB;ARE;2021-11-30 02:10:42;2021-11-30 15:35:00
A6-EPP;BAH;BHR;DXB;ARE;2021-11-30 00:40:54;2021-11-30 01:43:00
A6-ENJ;DXB;ARE;DAC;BGD;2021-11-27 21:46:09;2021-11-28 01:49:00
A6-EED;DXB;ARE;VIE;AUT;2021-11-28 12:03:00;2021-11-28 17:55:00
A6-EEX;DXB;ARE;LHR;GBR;2021-11-28 13:09:00;2021-11-28 20:26:00
A6-ECM;DAC;BGD;DXB;ARE;2021-11-30 14:38:00;2021-11-30 19:25:00
A6-EBR;DXB;ARE;CKY;GIN;2021-11-30 04:04:34;2021-11-30 13:05:00
A6-ENJ;DXB;ARE;CMB;LKA;2021-11-30 15:25:00;2021-11-30 19:21:00
A6-EOW;DME;RUS;DXB;ARE;2021-11-29 21:20:00;2021-11-30 01:38:00
A6-EPJ;MAA;IND;DXB;ARE;2021-11-30 22:41:00;2021-12-01 02:25:00
A6-ENH;DXB;ARE;DMM;SAU;2021-11-30 17:53:55;2021-11-30 18:56:00
A6-EPF;ACC;GHA;ABJ;CIV;2021-11-27 13:44:28;2021-11-27 14:26:00
A6-EWI;IAH;USA;DXB;ARE;2021-11-28 01:16:00;2021-11-28 15:32:00
A6-ECJ;DMM;SAU;DXB;ARE;2021-11-29 06:36:18;2021-11-29 07:45:00
A6-EOV;CAI;EGY;DXB;ARE;2021-11-30 17:44:00;2021-11-30 20:28:00
A6-ECD;DXB;ARE;KUL;MYS;2021-11-28 00:15:00;2021-11-28 06:57:00
A6-ECM;DXB;ARE;JED;SAU;2021-11-29 20:20:43;2021-11-29 22:49:00
A6-EPK;CAI;EGY;DXB;ARE;2021-11-30 22:31:12;2021-12-01 01:39:00
A6-EUK;DXB;ARE;YYZ;CAN;2021-11-29 06:08:00;2021-11-29 20:00:00
A6-EGH;CCU;IND;DXB;ARE;2021-11-28 03:32:00;2021-11-28 08:38:00
A6-EPZ;DXB;ARE;MXP;ITA;2021-11-29 05:31:00;2021-11-29 12:13:00
A6-EPY;HYD;IND;DXB;ARE;2021-11-28 22:42:00;2021-11-29 02:23:00
A6-ECV;JFK;USA;MXP;ITA;2021-11-29 04:16:53;2021-11-29 11:18:00
A6-EOZ;DXB;ARE;DUS;DEU;2021-11-30 05:06:00;2021-11-30 11:50:00
A6-EGB;DXB;ARE;HAN;VNM;2021-11-28 06:56:40;2021-11-28 12:53:00
A6-ENY;LHE;PAK;DXB;ARE;2021-11-29 23:26:00;2021-11-30 02:27:00
A6-EPH;WAW;POL;DXB;ARE;2021-11-30 12:42:21;2021-11-30 17:50:00
A6-EEA;CAI;EGY;DXB;ARE;2021-11-29 17:59:00;2021-11-29 20:51:00
A6-ENI;PEW;PAK;DXB;ARE;2021-11-30 04:11:26;2021-11-30 07:16:00
A6-EEE;DXB;ARE;BKK;THA;2021-11-29 05:58:00;2021-11-29 11:35:00
A6-EGY;DAC;BGD;DXB;ARE;2021-11-28 19:53:00;2021-11-29 00:40:00
A6-ENH;DXB;ARE;MNL;PHL;2021-11-30 23:57:17;2021-12-01 08:05:00
A6-EER;DXB;ARE;MAD;ESP;2021-11-30 03:49:00;2021-11-30 11:28:00
A6-EUS;DXB;ARE;AMM;JOR;2021-11-30 10:51:00;2021-11-30 13:42:00
A6-ENK;DXB;ARE;LED;RUS;2021-11-30 11:51:00;2021-11-30 17:35:00
A6-EVN;LHR;GBR;DXB;ARE;2021-11-29 20:54:34;2021-11-30 03:28:00
A6-EPB;DXB;ARE;BOM;IND;2021-11-27 17:50:40;2021-11-27 20:31:00
A6-ENZ;SEZ;SYC;DXB;ARE;2021-11-28 19:36:31;2021-11-28 23:40:00
A6-EEI;MAD;ESP;DXB;ARE;2021-11-29 13:48:00;2021-11-29 20:08:22
A6-EPH;AMD;IND;DXB;ARE;2021-11-29 22:27:00;2021-11-30 01:31:00
A6-EPO;DXB;ARE;WAW;POL;2021-11-29 04:19:00;2021-11-29 10:13:00
A6-EUM;AMS;NLD;DXB;ARE;2021-11-28 14:18:00;2021-11-28 20:18:00
A6-EGK;ORD;USA;DXB;ARE;2021-11-28 18:36:00;2021-11-29 07:32:00
A6-EUI;IST;TUR;DXB;ARE;2021-11-27 13:43:00;2021-11-27 17:27:00
A6-EPA;MLE;MDV;DXB;ARE;2021-11-29 06:43:49;2021-11-29 10:36:00
A6-EBO;DXB;ARE;CMB;LKA;2021-11-29 06:46:00;2021-11-29 10:49:00
A6-ENZ;DXB;ARE;MCT;OMN;2021-11-30 22:33:00;2021-11-30 23:16:00
A6-EQP;DXB;ARE;NRT;JPN;2021-11-30 23:33:59;2021-12-01 08:31:00
A6-ENR;CAI;EGY;DXB;ARE;2021-11-28 22:38:12;2021-11-29 01:46:00
A6-EPE;ISB;PAK;DXB;ARE;2021-11-29 04:18:05;2021-11-29 07:26:00
A6-ECZ;DXB;ARE;CGK;IDN;2021-11-28 07:14:00;2021-11-28 15:01:00
A6-EGP;OSL;NOR;DXB;ARE;2021-11-28 11:37:00;2021-11-28 17:51:00
A6-EBU;DXB;ARE;COK;IND;2021-11-29 23:09:00;2021-11-30 02:34:00
A6-EGZ;DXB;ARE;BAH;BHR;2021-11-27 12:38:00;2021-11-27 13:30:00
A6-EPS;IKA;IRN;DXB;ARE;2021-11-30 00:41:42;2021-11-30 02:34:00
A6-ECY;SKT;PAK;DXB;ARE;2021-11-30 05:24:00;2021-11-30 08:47:00
A6-ENR;DXB;ARE;CAI;EGY;2021-11-28 17:23:00;2021-11-28 20:45:00
A6-EGZ;DXB;ARE;KWI;KWT;2021-11-30 17:09:00;2021-11-30 18:41:00
A6-EPB;AMM;JOR;DXB;ARE;2021-11-30 23:20:40;2021-12-01 02:03:00
A6-ECO;BLR;IND;DXB;ARE;2021-11-30 23:31:00;2021-12-01 03:05:00
A6-EWC;DXB;ARE;BAH;BHR;2021-11-29 12:42:00;2021-11-29 13:35:00
A6-ECD;DXB;ARE;ICN;KOR;2021-11-28 23:55:00;2021-11-29 07:40:00
A6-EPP;DXB;ARE;RUH;SAU;2021-11-29 13:20:00;2021-11-29 15:04:00
A6-ECZ;CGK;IDN;DXB;ARE;2021-11-28 17:16:27;2021-11-29 00:57:00
A6-ECD;JNB;ZAF;DXB;ARE;2021-11-30 14:02:57;2021-11-30 21:51:00
A6-EGE;BLR;IND;DXB;ARE;2021-11-30 04:59:49;2021-11-30 08:31:00
A6-EQP;CDG;FRA;DXB;ARE;2021-11-29 08:50:36;2021-11-29 15:12:00
A6-EQK;DXB;ARE;CDG;FRA;2021-11-29 23:37:00;2021-11-30 06:45:00
A6-EGZ;DXB;ARE;BAH;BHR;2021-11-29 04:41:00;2021-11-29 05:33:00
A6-EQP;DXB;ARE;BRU;BEL;2021-11-28 04:45:00;2021-11-28 11:59:00
A6-EGB;DXB;ARE;COK;IND;2021-11-30 18:03:19;2021-11-30 21:26:00
A6-EPS;DXB;ARE;DEL;IND;2021-11-29 00:30:00;2021-11-29 03:24:00
A6-EVK;DXB;ARE;IAD;USA;2021-11-28 22:17:00;2021-11-29 13:11:00
A6-ENY;DXB;ARE;FCO;ITA;2021-11-30 11:45:00;2021-11-30 17:57:00
A6-EGB;CMN;MAR;DXB;ARE;2021-11-29 15:34:14;2021-11-29 22:39:00
A6-EPQ;DMM;SAU;DXB;ARE;2021-11-28 19:57:18;2021-11-28 21:06:00
A6-EWC;BAH;BHR;DXB;ARE;2021-11-29 15:08:54;2021-11-29 16:11:00
A6-EPD;MAA;IND;DXB;ARE;2021-11-28 04:29:00;2021-11-28 08:14:00
A6-ENG;ARN;SWE;DXB;ARE;2021-11-30 14:19:30;2021-11-30 20:08:00
A6-EPI;KWI;KWT;DXB;ARE;2021-11-28 19:54:55;2021-11-28 21:23:00
A6-EUE;DXB;ARE;LHR;GBR;2021-11-29 08:39:00;2021-11-29 16:03:00
A6-EPI;LAD;AGO;DXB;ARE;2021-11-30 17:06:00;2021-12-01 00:41:00
A6-EGF;DXB;ARE;MEL;AUS;2021-11-27 00:03:00;2021-11-27 12:55:00
A6-ENP;MLE;MDV;DXB;ARE;2021-11-29 17:47:49;2021-11-29 21:40:00
A6-EPJ;DXB;ARE;FCO;ITA;2021-11-28 05:17:00;2021-11-28 11:42:00
A6-EPH;ADD;ETH;DXB;ARE;2021-11-29 12:19:33;2021-11-29 16:09:00
A6-ECW;MCO;USA;DXB;ARE;2021-11-28 02:00:42;2021-11-28 15:25:00
A6-EPP;RUH;SAU;DXB;ARE;2021-11-29 17:23:33;2021-11-29 18:58:00
A6-EBW;DXB;ARE;BOM;IND;2021-11-28 18:01:40;2021-11-28 20:42:00
A6-EWF;BSR;IRQ;DXB;ARE;2021-11-28 07:35:00;2021-11-28 09:05:00
A6-ENJ;CMB;LKA;DXB;ARE;2021-11-29 04:27:00;2021-11-29 08:37:00
A6-EBW;BKK;THA;DXB;ARE;2021-11-30 17:43:06;2021-11-30 23:54:00
A6-EGQ;DXB;ARE;BAH;BHR;2021-11-30 04:45:00;2021-11-30 05:37:00
A6-EOZ;DXB;ARE;ZRH;CHE;2021-11-29 05:10:00;2021-11-29 11:47:00
A6-EPG;DXB;ARE;KHI;PAK;2021-11-29 22:26:00;2021-11-30 00:22:00
A6-EGD;DXB;ARE;SYD;AUS;2021-11-29 17:23:00;2021-11-30 06:44:00
A6-EGV;SEZ;SYC;DXB;ARE;2021-11-29 17:40:32;2021-11-29 21:44:00
A6-EOW;DXB;ARE;IST;TUR;2021-11-28 07:20:00;2021-11-28 11:50:00
A6-EPS;HYD;IND;DXB;ARE;2021-11-28 04:38:36;2021-11-28 08:03:00
A6-EBU;DXB;ARE;CEB;PHL;2021-11-30 23:17:37;2021-12-01 07:49:00
A6-EGY;IKA;IRN;DXB;ARE;2021-11-30 15:10:42;2021-11-30 17:03:00
A6-ENL;DEL;IND;DXB;ARE;2021-11-29 22:55:00;2021-11-30 02:13:00
A6-EQB;DXB;ARE;IAH;USA;2021-11-30 06:41:00;2021-11-30 22:36:00
A6-EGW;DXB;ARE;SGN;VNM;2021-11-30 10:39:00;2021-11-30 17:20:00
A6-EPE;DXB;ARE;KHI;PAK;2021-11-29 11:07:00;2021-11-29 13:03:00
A6-EQH;BOS;USA;DXB;ARE;2021-11-28 03:06:00;2021-11-28 15:00:00
A6-EWH;IAH;USA;DXB;ARE;2021-11-30 01:05:00;2021-11-30 15:21:00
A6-EEX;LHR;GBR;DXB;ARE;2021-11-29 22:45:00;2021-11-30 04:24:00
A6-EUK;YYZ;CAN;DXB;ARE;2021-11-28 01:42:00;2021-11-28 13:57:00
A6-EUN;MAN;GBR;DXB;ARE;2021-11-28 22:20:00;2021-11-29 04:33:00
A6-EQL;IAH;USA;DXB;ARE;2021-11-29 01:18:00;2021-11-29 15:39:00
A6-EBR;DEL;IND;DXB;ARE;2021-11-28 10:55:15;2021-11-28 14:10:00
A6-EPH;DXB;ARE;CMB;LKA;2021-11-28 15:35:00;2021-11-28 19:34:00
A6-ENZ;DXB;ARE;NCE;FRA;2021-11-30 04:35:00;2021-11-30 11:07:00
A6-EQJ;SIN;SGP;DXB;ARE;2021-11-30 17:01:00;2021-11-30 23:53:00
A6-EPZ;JFK;USA;MXP;ITA;2021-11-30 04:35:53;2021-11-30 11:37:00
A6-EGS;BKK;THA;HKT;THA;2021-11-29 14:25:00;2021-11-29 15:28:00
A6-EBR;CKY;GIN;DSS;SEN;2021-11-30 15:38:59;2021-11-30 16:39:00
A6-EEN;MAD;ESP;DXB;ARE;2021-11-28 13:57:00;2021-11-28 20:16:00
A6-ECJ;DXB;ARE;MEL;AUS;2021-11-30 23:37:00;2021-12-01 12:27:00
A6-EPO;BAH;BHR;DXB;ARE;2021-11-29 00:52:54;2021-11-29 01:55:00
A6-ECJ;VCE;ITA;DXB;ARE;2021-11-30 14:08:26;2021-11-30 19:28:00
A6-EOV;DXB;ARE;CAI;EGY;2021-11-30 11:47:00;2021-11-30 15:08:00
A6-EBO;AMS;NLD;DXB;ARE;2021-11-28 15:23:20;2021-11-28 21:39:00
A6-ENH;DXB;ARE;CPH;DNK;2021-11-28 04:46:00;2021-11-28 11:14:00
A6-EVI;DXB;ARE;LHR;GBR;2021-11-28 06:25:00;2021-11-28 13:43:00
A6-EPT;DXB;ARE;BLR;IND;2021-11-28 07:48:00;2021-11-28 11:29:00
A6-ENS;KWI;KWT;DXB;ARE;2021-11-29 19:59:55;2021-11-29 21:28:00
A6-EQO;DXB;ARE;NRT;JPN;2021-11-27 23:01:56;2021-11-28 07:59:00
A6-EGQ;KWI;KWT;DXB;ARE;2021-11-29 13:52:55;2021-11-29 15:21:00
A6-EPB;DXB;ARE;ADD;ETH;2021-11-30 06:18:00;2021-11-30 09:59:00
A6-ECQ;KUL;MYS;DXB;ARE;2021-11-29 17:31:50;2021-11-30 00:03:00
A6-EVH;DXB;ARE;IAD;USA;2021-11-29 22:19:00;2021-11-30 13:04:00
A6-EPL;DXB;ARE;LAD;AGO;2021-11-28 05:58:00;2021-11-28 13:21:00
A6-EVQ;LHR;GBR;DXB;ARE;2021-11-30 13:44:00;2021-11-30 20:17:00
A6-EUM;DXB;ARE;AMS;NLD;2021-11-30 04:30:00;2021-11-30 11:29:00
A6-EPA;DXB;ARE;CRK;PHL;2021-11-27 23:01:00;2021-11-28 07:42:00
A6-ECR;MIA;USA;DXB;ARE;2021-11-30 02:02:54;2021-11-30 15:42:00
A6-ECZ;DXB;ARE;NCL;GBR;2021-11-29 10:58:00;2021-11-29 18:34:00
A6-EVF;GRU;BRA;DXB;ARE;2021-11-30 02:36:00;2021-11-30 16:23:00
A6-EQH;DXB;ARE;RUH;SAU;2021-11-30 03:20:00;2021-11-30 05:04:00
A6-ECV;DXB;ARE;MXP;ITA;2021-11-28 05:43:00;2021-11-28 12:17:00
A6-EBU;COK;IND;DXB;ARE;2021-11-30 04:14:00;2021-11-30 07:51:00
A6-EGC;BLR;IND;DXB;ARE;2021-11-29 23:20:49;2021-11-30 02:52:00
A6-ECE;DXB;ARE;JED;SAU;2021-11-30 20:46:43;2021-11-30 23:15:00
A6-ECM;DXB;ARE;DAC;BGD;2021-11-30 06:55:00;2021-11-30 11:27:00
A6-EPI;DXB;ARE;KWI;KWT;2021-11-28 17:02:00;2021-11-28 18:34:00
A6-EGJ;BKK;THA;DXB;ARE;2021-11-28 18:09:06;2021-11-29 00:20:00
A6-EUM;DXB;ARE;AMS;NLD;2021-11-28 04:51:00;2021-11-28 11:49:00
A6-EOD;DXB;ARE;MAN;GBR;2021-11-30 04:04:00;2021-11-30 11:39:00
A6-EGV;DXB;ARE;BEY;LBN;2021-11-30 03:55:00;2021-11-30 07:43:00
A6-EQK;DXB;ARE;SIN;SGP;2021-11-28 05:57:00;2021-11-28 13:06:00
A6-ECT;DEL;IND;DXB;ARE;2021-11-28 22:44:15;2021-11-29 01:59:00
A6-ENY;LCA;CYP;MLA;MLT;2021-11-28 09:38:00;2021-11-28 12:17:00
A6-EGY;DXB;ARE;MLE;MDV;2021-11-30 22:57:00;2021-12-01 02:43:00
A6-EPS;DXB;ARE;BAH;BHR;2021-11-30 22:45:24;2021-11-30 23:37:00
A6-EPG;CGK;IDN;DXB;ARE;2021-11-30 17:09:27;2021-12-01 00:50:00
A6-EPX;BOS;USA;DXB;ARE;2021-11-29 03:09:00;2021-11-29 15:03:00
A6-EPD;DXB;ARE;CRK;PHL;2021-11-28 23:04:00;2021-11-29 07:45:00
A6-EOD;DXB;ARE;MAN;GBR;2021-11-29 03:52:00;2021-11-29 11:27:00
A6-EQJ;EWR;USA;ATH;GRC;2021-11-29 05:26:00;2021-11-29 14:15:00
A6-ECJ;DXB;ARE;VCE;ITA;2021-11-30 06:00:00;2021-11-30 12:01:00
A6-ENR;NBO;KEN;DXB;ARE;2021-11-27 12:50:00;2021-11-27 17:32:00
A6-EOE;FRA;DEU;DXB;ARE;2021-11-30 20:47:00;2021-12-01 02:09:00
A6-ECS;SYD;AUS;DXB;ARE;2021-11-28 10:33:20;2021-11-29 00:26:00
A6-EQM;DXB;ARE;COK;IND;2021-11-28 18:08:00;2021-11-28 21:34:00
A6-EPO;HKT;THA;DXB;ARE;2021-11-30 17:13:46;2021-11-30 23:10:00
A6-EPN;DXB;ARE;DAC;BGD;2021-11-29 13:09:12;2021-11-29 17:12:00
A6-EQN;ZRH;CHE;DXB;ARE;2021-11-28 20:45:39;2021-11-29 02:33:00
A6-EUC;DUS;DEU;DXB;ARE;2021-11-29 13:57:00;2021-11-29 19:35:00
A6-EGV;AMD;IND;DXB;ARE;2021-11-30 22:37:00;2021-12-01 01:41:00
A6-EPI;BCN;ESP;DXB;ARE;2021-11-29 19:17:00;2021-11-30 01:19:00
A6-EPS;BEY;LBN;DXB;ARE;2021-11-28 17:23:45;2021-11-28 20:53:00
A6-EBW;DXB;ARE;KWI;KWT;2021-11-28 10:24:00;2021-11-28 11:56:00
A6-EPD;DAC;BGD;DXB;ARE;2021-11-30 19:39:00;2021-12-01 00:26:00
A6-ENV;DXB;ARE;NBO;KEN;2021-11-28 06:54:54;2021-11-28 11:29:00
A6-EGG;LCK;USA;CPH;DNK;2021-11-30 20:27:35;2021-12-01 04:00:00
A6-EGE;BUD;HUN;DXB;ARE;2021-11-28 14:02:00;2021-11-28 19:02:00
A6-EOZ;FRA;DEU;DXB;ARE;2021-11-28 14:32:00;2021-11-28 20:01:00
A6-EPD;DXB;ARE;MLE;MDV;2021-11-30 00:43:00;2021-11-30 04:44:00
A6-EEV;DXB;ARE;MXP;ITA;2021-11-28 12:51:00;2021-11-28 19:17:00
A6-EVL;JFK;USA;DXB;ARE;2021-11-30 16:42:00;2021-12-01 04:15:00
A6-ENE;CMB;LKA;MLE;MDV;2021-11-30 15:17:00;2021-11-30 16:29:00
A6-EPE;DXB;ARE;ISB;PAK;2021-11-28 23:37:52;2021-11-29 02:04:00
A6-ENK;KWI;KWT;DXB;ARE;2021-11-29 00:28:55;2021-11-29 01:57:00
A6-EPO;BKK;THA;HKT;THA;2021-11-30 14:21:00;2021-11-30 15:30:00
A6-EOW;DXB;ARE;VIE;AUT;2021-11-30 05:22:00;2021-11-30 11:15:00
A6-EGW;DXB;ARE;ZAZ;ESP;2021-11-28 05:46:00;2021-11-28 13:17:00
A6-EQC;DXB;ARE;AMM;JOR;2021-11-27 18:43:00;2021-11-27 21:34:00
A6-EQH;RUH;SAU;DXB;ARE;2021-11-30 06:58:33;2021-11-30 08:33:00
A6-EPY;HYD;IND;DXB;ARE;2021-11-29 22:33:00;2021-11-30 02:08:00
A6-EQK;CDG;FRA;DXB;ARE;2021-11-30 08:50:36;2021-11-30 15:12:00
A6-EPG;KHI;PAK;DXB;ARE;2021-11-28 06:58:00;2021-11-28 09:10:00
A6-EQD;DXB;ARE;PER;AUS;2021-11-28 23:06:00;2021-11-29 09:17:00
A6-EWB;BCN;ESP;DXB;ARE;2021-11-30 15:03:00;2021-11-30 21:05:00
A6-EPL;RUH;SAU;DXB;ARE;2021-11-29 07:06:33;2021-11-29 08:41:00
A6-EPO;DXB;ARE;NCE;FRA;2021-11-28 05:02:00;2021-11-28 11:41:00
A6-ENI;DXB;ARE;DAC;BGD;2021-11-28 07:02:10;2021-11-28 11:05:00
A6-EEA;BKK;THA;DXB;ARE;2021-11-28 13:53:00;2021-11-28 20:15:00
A6-EQD;DXB;ARE;SFO;USA;2021-11-27 05:06:00;2021-11-27 20:34:00
A6-ENG;NBO;KEN;DXB;ARE;2021-11-28 21:04:48;2021-11-29 01:36:00
A6-EPE;KHI;PAK;DXB;ARE;2021-11-29 14:37:03;2021-11-29 16:33:00
A6-ECX;DXB;ARE;BNE;AUS;2021-11-28 23:09:36;2021-11-29 12:18:00
A6-EWE;DFW;USA;DXB;ARE;2021-11-29 01:53:00;2021-11-29 16:05:00
A6-ENS;RUH;SAU;DXB;ARE;2021-11-28 17:32:33;2021-11-28 19:07:00
A6-ENY;DXB;ARE;LHE;PAK;2021-11-29 18:34:40;2021-11-29 21:02:00
A6-EGY;DXB;ARE;MAA;IND;2021-11-29 23:15:00;2021-11-30 02:51:00
A6-ENY;LCA;CYP;DXB;ARE;2021-11-28 17:20:36;2021-11-28 20:47:00
A6-ENK;DXB;ARE;MLE;MDV;2021-11-29 22:57:01;2021-11-30 02:43:00
A6-EVI;CAI;EGY;DXB;ARE;2021-11-29 10:45:00;2021-11-29 13:34:00
A6-EQM;DXB;ARE;KIX;JPN;2021-11-29 23:25:00;2021-11-30 07:56:00
A6-EGP;LCK;USA;FRA;DEU;2021-11-30 21:16:23;2021-12-01 04:54:00
A6-ENH;KHI;PAK;DXB;ARE;2021-11-30 07:14:07;2021-11-30 09:10:00
A6-ENE;MLE;MDV;DXB;ARE;2021-11-28 17:50:49;2021-11-28 21:43:00
A6-EVC;MRU;MUS;DXB;ARE;2021-11-28 19:26:00;2021-11-29 01:14:00
A6-EGI;DXB;ARE;MIA;USA;2021-11-27 23:58:00;2021-11-28 16:03:00
A6-ENI;DXB;ARE;KHI;PAK;2021-11-30 17:38:00;2021-11-30 19:34:00
A6-EPR;NCL;GBR;DXB;ARE;2021-11-28 21:39:00;2021-11-29 04:11:00
A6-ECQ;DXB;ARE;KIX;JPN;2021-11-30 23:25:00;2021-12-01 07:57:00
A6-ECA;JNB;ZAF;DXB;ARE;2021-11-29 13:42:57;2021-11-29 21:31:00
A6-EPL;LAD;AGO;DXB;ARE;2021-11-28 17:10:00;2021-11-29 00:45:00
A6-EUS;DXB;ARE;AMM;JOR;2021-11-28 10:31:00;2021-11-28 13:26:00
A6-EOU;ZRH;CHE;DXB;ARE;2021-11-28 14:02:00;2021-11-28 19:26:00
A6-ECG;AKL;NZL;KUL;MYS;2021-11-28 05:29:00;2021-11-28 15:57:00
A6-EGM;HAN;VNM;DXB;ARE;2021-11-28 05:59:00;2021-11-28 12:46:00
A6-EPK;IKA;IRN;DXB;ARE;2021-11-29 00:54:42;2021-11-29 02:47:00
A6-ECI;BKK;THA;DXB;ARE;2021-11-29 18:03:06;2021-11-30 00:14:00
A6-EUD;DXB;ARE;FRA;DEU;2021-11-29 05:04:00;2021-11-29 11:41:00
A6-EOM;DXB;ARE;DME;RUS;2021-11-29 05:32:00;2021-11-29 10:36:00
A6-ECR;GLA;GBR;DXB;ARE;2021-11-28 13:41:36;2021-11-28 20:42:00
A6-EPU;DXB;ARE;HYD;IND;2021-11-28 23:37:15;2021-11-29 02:39:00
A6-EGQ;DXB;ARE;KWI;KWT;2021-11-29 10:27:00;2021-11-29 11:59:00
A6-ECH;DXB;ARE;CEB;PHL;2021-11-29 23:34:35;2021-11-30 08:06:00
A6-EGB;COK;IND;DXB;ARE;2021-11-30 23:11:00;2021-12-01 02:48:00
A6-EGZ;BAH;BHR;DXB;ARE;2021-11-29 06:51:54;2021-11-29 07:54:00
A6-EPF;TUN;TUN;DXB;ARE;2021-11-28 13:42:36;2021-11-28 19:04:00
A6-EUJ;YYZ;CAN;DXB;ARE;2021-11-29 02:29:00;2021-11-29 14:21:00
A6-EPL;MAA;IND;DXB;ARE;2021-11-29 22:23:00;2021-11-30 02:12:00
A6-EGG;PNH;KHM;DXB;ARE;2021-11-28 07:05:00;2021-11-28 13:34:00
A6-ENU;DUS;DEU;DXB;ARE;2021-11-28 19:52:00;2021-11-29 02:06:00
A6-EGT;HAN;VNM;DXB;ARE;2021-11-29 11:33:00;2021-11-29 18:17:00
A6-EPT;DXB;ARE;DAC;BGD;2021-11-29 06:55:11;2021-11-29 10:58:00
A6-EVP;LHR;GBR;DXB;ARE;2021-11-28 14:11:00;2021-11-28 20:44:00
A6-ECJ;SIN;SGP;DXB;ARE;2021-11-27 16:56:00;2021-11-27 23:49:00
A6-ENH;DMM;SAU;DXB;ARE;2021-11-30 20:25:18;2021-11-30 21:34:00
A6-EOT;DUS;DEU;DXB;ARE;2021-11-28 14:08:00;2021-11-28 19:55:00
A6-ENH;DXB;ARE;KHI;PAK;2021-11-30 03:27:00;2021-11-30 05:23:00
A6-EGS;HKT;THA;DXB;ARE;2021-11-29 17:27:45;2021-11-29 23:24:00
A6-EPI;DXB;ARE;BCN;ESP;2021-11-29 04:09:00;2021-11-29 11:14:00
A6-ECJ;CMN;MAR;DXB;ARE;2021-11-28 16:46:14;2021-11-28 23:51:00
A6-ECT;DXB;ARE;DEL;IND;2021-11-28 18:00:40;2021-11-28 20:45:00
A6-ECM;BLR;IND;DXB;ARE;2021-11-28 05:03:49;2021-11-28 08:35:00
A6-EUI;DXB;ARE;LHR;GBR;2021-11-28 08:36:00;2021-11-28 16:00:00
A6-EUD;ZRH;CHE;DXB;ARE;2021-11-30 14:19:00;2021-11-30 19:39:00
A6-EQJ;ATH;GRC;EWR;USA;2021-11-28 15:37:00;2021-11-29 02:09:00
A6-ECG;KUL;MYS;DXB;ARE;2021-11-28 17:37:50;2021-11-29 00:09:00
A6-ENR;ARN;SWE;DXB;ARE;2021-11-29 13:38:30;2021-11-29 19:27:00
A6-EUU;JFK;USA;DXB;ARE;2021-11-30 03:45:00;2021-11-30 15:44:00
A6-EPM;DXB;ARE;WAW;POL;2021-11-28 12:56:00;2021-11-28 18:37:00
A6-EBM;DEL;IND;DXB;ARE;2021-11-28 14:48:00;2021-11-28 18:16:00
A6-ENE;DXB;ARE;ACC;GHA;2021-11-29 04:25:21;2021-11-29 12:02:00
A6-EEJ;DXB;ARE;HAM;DEU;2021-11-28 05:35:00;2021-11-28 12:08:00
A6-EPH;DXB;ARE;AMD;IND;2021-11-29 18:57:40;2021-11-29 21:09:00
A6-EUB;LHR;GBR;DXB;ARE;2021-11-30 22:29:00;2021-12-01 04:22:00
A6-EGC;DXB;ARE;BLR;IND;2021-11-29 18:00:00;2021-11-29 21:41:00
A6-EPK;DXB;ARE;BUD;HUN;2021-11-29 06:48:00;2021-11-29 12:25:00
A6-EQH;DXB;ARE;BRU;BEL;2021-11-29 04:39:00;2021-11-29 11:53:00
A6-EPB;ADD;ETH;DXB;ARE;2021-11-30 12:31:33;2021-11-30 16:21:00
A6-EQC;DXB;ARE;ORD;USA;2021-11-29 05:41:00;2021-11-29 20:03:00
A6-ENP;DUB;IRL;DXB;ARE;2021-11-30 12:49:51;2021-11-30 19:53:00
A6-EBW;DXB;ARE;TUN;TUN;2021-11-29 05:29:00;2021-11-29 11:43:00
A6-EOE;CDG;FRA;DXB;ARE;2021-11-29 13:57:00;2021-11-29 19:47:00
A6-EPB;BOM;IND;DXB;ARE;2021-11-29 22:55:00;2021-11-30 01:36:00
A6-ECG;DXB;ARE;KUL;MYS;2021-11-29 04:53:00;2021-11-29 11:28:00
A6-ECD;ICN;KOR;DXB;ARE;2021-11-29 15:02:00;2021-11-30 00:40:00
A6-EGG;DXB;ARE;CPH;DNK;2021-11-29 23:07:00;2021-11-30 05:54:00
A6-EQN;DXB;ARE;BRU;BEL;2021-11-30 04:30:00;2021-11-30 11:44:00
A6-ECC;DXB;ARE;GRU;BRA;2021-11-29 17:15:10;2021-11-30 07:35:00
A6-EPT;JED;SAU;DXB;ARE;2021-11-29 00:59:45;2021-11-29 03:24:00
A6-EEJ;JED;SAU;DXB;ARE;2021-11-30 08:20:00;2021-11-30 10:44:00
A6-ENG;DXB;ARE;NBO;KEN;2021-11-27 23:12:00;2021-11-28 03:49:00
A6-ENZ;NCE;FRA;DXB;ARE;2021-11-30 13:13:47;2021-11-30 18:54:00
A6-EGF;PRG;CZE;DXB;ARE;2021-11-30 14:57:00;2021-11-30 20:15:00
A6-EGU;DXB;ARE;SGN;VNM;2021-11-28 05:43:00;2021-11-28 12:29:00
A6-ECM;DXB;ARE;RUH;SAU;2021-11-28 21:58:00;2021-11-28 23:42:00
A6-ENO;SKT;PAK;DXB;ARE;2021-11-28 21:27:00;2021-11-29 00:50:00
A6-ECH;CRK;PHL;DXB;ARE;2021-11-30 12:12:13;2021-11-30 20:30:00
A6-EUW;DXB;ARE;GRU;BRA;2021-11-30 06:05:00;2021-11-30 20:14:37
A6-EQF;DXB;ARE;BRU;BEL;2021-11-28 10:11:00;2021-11-28 17:25:00
A6-EVC;DXB;ARE;MRU;MUS;2021-11-29 22:45:00;2021-11-30 04:52:00
A6-EGZ;KWI;KWT;DXB;ARE;2021-11-30 19:53:55;2021-11-30 21:22:00
A6-ENO;DXB;ARE;SKT;PAK;2021-11-28 17:18:44;2021-11-28 19:54:00
A6-ENE;DXB;ARE;MLE;MDV;2021-11-28 06:00:02;2021-11-28 09:46:00
A6-EQN;DXB;ARE;CDG;FRA;2021-11-30 23:46:00;2021-12-01 06:58:00
A6-ENZ;LIS;PRT;DXB;ARE;2021-11-29 14:02:30;2021-11-29 21:15:00
A6-EVG;LHR;GBR;DXB;ARE;2021-11-30 16:50:00;2021-11-30 22:46:00
A6-ENJ;DXB;ARE;DMM;SAU;2021-11-28 12:24:53;2021-11-28 13:27:00
A6-EGT;DXB;ARE;HAN;VNM;2021-11-29 02:27:40;2021-11-29 08:24:00
A6-ECT;BKK;THA;DXB;ARE;2021-11-30 18:28:06;2021-12-01 00:39:00
A6-ENB;DXB;ARE;MED;SAU;2021-11-27 11:27:00;2021-11-27 13:47:00
A6-EBW;KWI;KWT;DXB;ARE;2021-11-28 13:50:55;2021-11-28 15:19:00
A6-EVO;LHR;GBR;DXB;ARE;2021-11-28 20:42:23;2021-11-29 03:16:00
A6-EOZ;ZRH;CHE;DXB;ARE;2021-11-29 14:03:00;2021-11-29 19:22:00
A6-ENS;DXB;ARE;KWI;KWT;2021-11-29 16:49:00;2021-11-29 18:21:00
A6-EEV;MXP;ITA;DXB;ARE;2021-11-29 20:58:00;2021-11-30 02:19:00
A6-ENM;DXB;ARE;SGN;VNM;2021-11-27 10:08:00;2021-11-27 16:49:00
A6-EBW;DXB;ARE;SGN;VNM;2021-11-30 05:48:00;2021-11-30 12:29:00
A6-ENJ;DMM;SAU;DXB;ARE;2021-11-28 14:56:18;2021-11-28 16:05:00
A6-EEA;DXB;ARE;CAI;EGY;2021-11-29 11:35:00;2021-11-29 14:58:00
A6-ENC;CGK;IDN;DXB;ARE;2021-11-30 10:53:00;2021-11-30 18:36:00
A6-EGS;DAC;BGD;DXB;ARE;2021-11-27 19:40:00;2021-11-28 00:31:00
A6-EPA;BGW;IRQ;DXB;ARE;2021-11-30 12:44:00;2021-11-30 14:47:00
A6-EGZ;DXB;ARE;HAM;DEU;2021-11-28 11:26:00;2021-11-28 17:53:00
A6-EES;DXB;ARE;DWC;ARE;2021-11-30 09:20:00;2021-11-30 11:26:00
A6-EBQ;NRT;JPN;DXB;ARE;2021-11-29 13:43:00;2021-11-30 01:02:00
A6-EEJ;DXB;ARE;JED;SAU;2021-11-30 03:32:00;2021-11-30 05:55:00
A6-EEI;DXB;ARE;MAD;ESP;2021-11-29 03:54:00;2021-11-29 11:35:00
A6-ECF;DXB;ARE;DEL;IND;2021-11-29 06:13:40;2021-11-29 08:58:00
A6-EBQ;DXB;ARE;MLE;MDV;2021-11-28 06:38:00;2021-11-28 10:25:00
A6-EGS;DUB;IRL;DXB;ARE;2021-11-28 13:02:51;2021-11-28 20:06:00
A6-ENN;NBO;KEN;DXB;ARE;2021-11-30 21:13:00;2021-12-01 01:49:00
A6-EPH;MLE;MDV;DXB;ARE;2021-11-28 07:48:49;2021-11-28 11:41:00
A6-EQI;KWI;KWT;DXB;ARE;2021-11-30 00:35:55;2021-11-30 02:04:00
A6-EBU;DXB;ARE;BOM;IND;2021-11-29 00:05:40;2021-11-29 02:46:00
A6-ECX;ATH;GRC;DXB;ARE;2021-11-28 15:48:00;2021-11-28 20:02:00
A6-ENI;CAI;EGY;DXB;ARE;2021-11-29 14:05:12;2021-11-29 17:13:00
A6-ENY;DXB;ARE;LHE;PAK;2021-11-29 01:32:00;2021-11-29 04:16:00
A6-END;BHX;GBR;DXB;ARE;2021-11-29 21:31:51;2021-11-30 04:09:00
A6-EUA;IST;TUR;DXB;ARE;2021-11-30 15:09:00;2021-11-30 18:32:00
A6-ENN;DXB;ARE;NBO;KEN;2021-11-29 23:04:00;2021-11-30 03:40:00
A6-ENV;ABJ;CIV;ACC;GHA;2021-11-30 16:31:00;2021-11-30 17:17:00
A6-ENQ;SEZ;SYC;DXB;ARE;2021-11-30 20:20:00;2021-12-01 00:29:00
A6-ECU;COK;IND;DXB;ARE;2021-11-29 23:13:00;2021-11-30 02:50:00
A6-ENV;NBO;KEN;DXB;ARE;2021-11-28 13:24:47;2021-11-28 17:56:00
A6-EGF;MEL;AUS;DXB;ARE;2021-11-28 10:55:30;2021-11-29 00:22:00
A6-EWJ;DXB;ARE;BCN;ESP;2021-11-28 00:28:00;2021-11-28 07:32:00
A6-EGD;CPH;DNK;LCK;USA;2021-11-27 18:34:00;2021-11-28 03:03:00
A6-ECY;DXB;ARE;BHX;GBR;2021-11-28 04:11:00;2021-11-28 11:42:00
A6-EUN;MAN;GBR;DXB;ARE;2021-11-30 21:24:00;2021-12-01 03:37:00
A6-EPU;LIS;PRT;DXB;ARE;2021-11-28 13:59:30;2021-11-28 21:12:00
A6-EPP;DAC;BGD;DXB;ARE;2021-11-29 04:23:00;2021-11-29 09:10:00
A6-ENS;RUH;SAU;DXB;ARE;2021-11-30 17:08:33;2021-11-30 18:43:00
A6-EGT;MEL;AUS;BKK;THA;2021-11-27 23:39:00;2021-11-28 08:33:00
A6-EGA;SYD;AUS;DXB;ARE;2021-11-29 11:04:22;2021-11-30 00:57:00
A6-EBM;DXB;ARE;CPH;DNK;2021-11-29 19:39:00;2021-11-30 02:19:00
A6-EGC;PER;AUS;DXB;ARE;2021-11-28 14:05:54;2021-11-29 00:36:00
A6-EBQ;DXB;ARE;NRT;JPN;2021-11-28 22:56:58;2021-11-29 07:54:00
A6-EUN;DXB;ARE;MAN;GBR;2021-11-28 11:06:00;2021-11-28 18:45:00
A6-EGS;LIS;PRT;DXB;ARE;2021-11-30 13:25:30;2021-11-30 20:38:00
A6-EBQ;DXB;ARE;MXP;ITA;2021-11-30 05:32:00;2021-11-30 11:56:00
A6-EPP;ADD;ETH;DXB;ARE;2021-11-28 12:31:33;2021-11-28 16:21:00
A6-ENB;DXB;ARE;SKT;PAK;2021-11-30 17:03:46;2021-11-30 19:39:00
A6-EVJ;DXB;ARE;JFK;USA;2021-11-30 05:01:00;2021-11-30 19:37:00
A6-ENB;SKT;PAK;DXB;ARE;2021-11-30 21:32:00;2021-12-01 00:55:00
A6-EVI;DXB;ARE;LAX;USA;2021-11-30 05:02:00;2021-11-30 20:53:00
A6-EEI;MUC;DEU;DXB;ARE;2021-11-30 14:23:00;2021-11-30 19:13:00
A6-ENE;ABJ;CIV;ACC;GHA;2021-11-29 16:32:00;2021-11-29 17:16:00
A6-ENC;DXB;ARE;BHX;GBR;2021-11-29 03:42:00;2021-11-29 11:26:00
A6-EPQ;DXB;ARE;CPH;DNK;2021-11-30 04:37:00;2021-11-30 11:17:00
A6-EOD;MAN;GBR;DXB;ARE;2021-11-29 13:45:00;2021-11-29 19:57:00
A6-EPN;MUC;DEU;DXB;ARE;2021-11-28 20:57:00;2021-11-29 02:38:00
A6-EUC;DXB;ARE;DUS;DEU;2021-11-29 04:57:00;2021-11-29 11:47:00
A6-EGF;DXB;ARE;GLA;GBR;2021-11-29 03:50:00;2021-11-29 11:35:00
A6-EUH;LHR;GBR;DXB;ARE;2021-11-29 10:00:00;2021-11-29 15:56:00
A6-EOW;VIE;AUT;DXB;ARE;2021-11-30 14:15:00;2021-11-30 19:04:00
A6-EPA;BOM;IND;DXB;ARE;2021-11-30 23:01:38;2021-12-01 01:36:00
A6-EPE;CGK;IDN;DXB;ARE;2021-11-28 11:08:27;2021-11-28 18:49:00
A6-EBU;DXB;ARE;KHI;PAK;2021-11-29 14:04:00;2021-11-29 16:00:00
A6-ECF;DXB;ARE;IKA;IRN;2021-11-28 04:04:00;2021-11-28 05:51:00
A6-EQI;DXB;ARE;KWI;KWT;2021-11-29 21:42:00;2021-11-29 23:14:00
A6-EGZ;DXB;ARE;MED;SAU;2021-11-29 10:47:41;2021-11-29 13:07:00
A6-EGV;DXB;ARE;SEZ;SYC;2021-11-28 23:14:37;2021-11-29 03:16:00
A6-EGF;DXB;ARE;PRG;CZE;2021-11-30 05:33:00;2021-11-30 11:48:00
A6-ECG;KUL;MYS;AKL;NZL;2021-11-29 13:03:00;2021-11-29 22:30:00
A6-EBU;MXP;ITA;DXB;ARE;2021-11-28 13:55:38;2021-11-28 19:28:00
A6-EPB;DXB;ARE;BAH;BHR;2021-11-28 05:33:00;2021-11-28 06:26:00
A6-EUC;MUC;DEU;DXB;ARE;2021-11-28 14:35:00;2021-11-28 19:48:00
A6-EUV;DXB;ARE;LAX;USA;2021-11-29 05:08:00;2021-11-29 20:35:00
A6-EUT;DXB;ARE;JFK;USA;2021-11-26 23:28:00;2021-11-27 13:27:00
A6-EGV;DXB;ARE;AMD;IND;2021-11-30 19:02:40;2021-11-30 21:14:00
A6-EVE;LAX;USA;DXB;ARE;2021-11-29 00:34:00;2021-11-29 15:25:00
A6-ENV;IST;TUR;DXB;ARE;2021-11-29 18:34:53;2021-11-29 22:14:00
A6-EPE;ISB;PAK;DXB;ARE;2021-11-30 04:23:00;2021-11-30 07:30:54
A6-ECI;DXB;ARE;BKK;THA;2021-11-28 23:14:40;2021-11-29 05:17:00
A6-EQL;DXB;ARE;IAH;USA;2021-11-28 06:34:34;2021-11-28 22:21:00
A6-ECH;DXB;ARE;CKY;GIN;2021-11-28 04:20:33;2021-11-28 13:21:00
A6-ENW;KHI;PAK;DXB;ARE;2021-11-30 17:54:07;2021-11-30 19:50:00
A6-ENS;MAA;IND;DXB;ARE;2021-11-29 04:40:00;2021-11-29 08:15:00
A6-EPK;DXB;ARE;IKA;IRN;2021-11-28 21:34:13;2021-11-28 23:18:00
A6-ENK;MLE;MDV;DXB;ARE;2021-11-30 04:49:49;2021-11-30 08:42:00
A6-EUV;DXB;ARE;JED;SAU;2021-11-28 12:35:00;2021-11-28 15:01:00
A6-ECG;KUL;MYS;DXB;ARE;2021-11-30 17:36:50;2021-12-01 00:08:00
A6-ENL;DXB;ARE;CMB;LKA;2021-11-30 23:53:00;2021-12-01 03:50:00
A6-EGS;DXB;ARE;LIS;PRT;2021-11-30 03:56:00;2021-11-30 12:11:00
A6-EPO;DXB;ARE;HKT;THA;2021-11-29 23:54:00;2021-11-30 05:40:00
A6-END;MNL;PHL;DXB;ARE;2021-11-28 15:53:00;2021-11-29 00:16:00
A6-EPJ;DUS;DEU;DXB;ARE;2021-11-29 19:36:00;2021-11-30 01:50:00
A6-EGQ;ACC;GHA;ABJ;CIV;2021-11-28 13:35:28;2021-11-28 14:17:00
A6-EGZ;DXB;ARE;CMB;LKA;2021-11-29 23:33:00;2021-11-30 03:32:00
A6-ENA;DXB;ARE;BHX;GBR;2021-11-30 04:09:44;2021-11-30 11:20:00
A6-EUC;ZRH;CHE;DXB;ARE;2021-11-27 13:51:00;2021-11-27 19:24:00
A6-EPI;DXB;ARE;BEY;LBN;2021-11-28 03:59:00;2021-11-28 07:47:00
A6-EPL;DXB;ARE;IKA;IRN;2021-11-30 21:28:00;2021-11-30 23:21:00
A6-EVB;MAN;GBR;DXB;ARE;2021-11-27 21:08:00;2021-11-28 03:34:00
A6-EQP;DXB;ARE;CDG;FRA;2021-11-29 00:03:00;2021-11-29 06:54:00
A6-ECK;DAR;TZA;DXB;ARE;2021-11-28 15:38:07;2021-11-28 20:35:00
A6-EUR;JED;SAU;DXB;ARE;2021-11-29 17:39:00;2021-11-29 20:04:00
A6-EGQ;DXB;ARE;DMM;SAU;2021-11-30 12:14:00;2021-11-30 13:18:00
A6-EUH;LHR;GBR;DXB;ARE;2021-11-28 09:52:00;2021-11-28 15:55:00
A6-EBK;ORD;USA;DXB;ARE;2021-11-29 18:25:52;2021-11-30 07:14:00
A6-ECF;DEL;IND;DXB;ARE;2021-11-29 11:15:00;2021-11-29 14:31:00
A6-EQF;DXB;ARE;HYD;IND;2021-11-30 17:57:00;2021-11-30 21:02:00
A6-EOE;DXB;ARE;CDG;FRA;2021-11-29 04:29:00;2021-11-29 11:41:00
A6-EOM;DME;RUS;DXB;ARE;2021-11-29 14:18:00;2021-11-29 18:32:00
A6-EQK;GVA;CHE;DXB;ARE;2021-11-29 13:20:16;2021-11-29 19:25:00
A6-EVE;LHR;GBR;DXB;ARE;2021-11-30 09:46:00;2021-11-30 15:53:00
A6-ECD;KUL;MYS;DXB;ARE;2021-11-28 11:24:00;2021-11-28 17:57:00
A6-ECC;BOG;COL;BQN;PRI;2021-11-30 20:13:00;2021-11-30 22:23:00
A6-ENH;DXB;ARE;CPH;DNK;2021-11-29 04:33:00;2021-11-29 11:25:00
A6-EPJ;FCO;ITA;DXB;ARE;2021-11-28 13:59:40;2021-11-28 19:22:00
A6-EPX;DXB;ARE;BOS;USA;2021-11-28 04:58:00;2021-11-28 19:02:00
A6-EPW;DXB;ARE;SEA;USA;2021-11-28 07:06:00;2021-11-28 21:24:00
A6-EGM;DXB;ARE;BKK;THA;2021-11-30 17:56:40;2021-11-30 23:59:00
A6-EER;JED;SAU;DXB;ARE;2021-11-29 08:35:00;2021-11-29 11:00:00
A6-EEV;MXP;ITA;DXB;ARE;2021-11-28 21:58:00;2021-11-29 03:06:00
A6-EBK;DXB;ARE;CPH;DNK;2021-11-30 23:11:00;2021-12-01 05:46:00
A6-EPZ;MXP;ITA;JFK;USA;2021-11-29 14:54:00;2021-11-29 23:22:00
A6-EBU;JFK;USA;MXP;ITA;2021-11-28 04:34:00;2021-11-28 11:38:00
A6-EVH;DXB;ARE;GRU;BRA;2021-11-28 06:03:00;2021-11-28 20:16:00
A6-EUT;DXB;ARE;JFK;USA;2021-11-28 22:37:00;2021-11-29 13:08:00
A6-EED;DXB;ARE;JED;SAU;2021-11-30 12:54:00;2021-11-30 15:18:00
A6-EUB;DXB;ARE;LHR;GBR;2021-11-30 12:42:00;2021-11-30 20:11:00
A6-EEU;DXB;ARE;FRA;DEU;2021-11-29 11:43:00;2021-11-29 18:22:00
A6-ENY;DXB;ARE;LCA;CYP;2021-11-28 04:09:00;2021-11-28 07:56:00
A6-EQN;RUH;SAU;DXB;ARE;2021-11-28 07:17:33;2021-11-28 08:52:00
A6-EOV;DXB;ARE;DME;RUS;2021-11-28 13:01:00;2021-11-28 17:48:00
A6-EGW;ZAZ;ESP;DXB;ARE;2021-11-28 17:37:30;2021-11-29 00:08:00
A6-EGT;BKK;THA;DXB;ARE;2021-11-28 13:22:06;2021-11-28 19:33:00
A6-EGP;DXB;ARE;LCK;USA;2021-11-29 04:51:00;2021-11-29 19:07:00
A6-EVJ;LHR;GBR;DXB;ARE;2021-11-29 16:27:00;2021-11-29 22:29:00
